monthyear,Season,year,percent_coral_cover,num_fish,num_seagrass,water_temp,seasonal_water_temp,annual_water_temp
1985-07-01,Dry/Cool,1985,27.2317925,NA,NA,NA,NA,NA
1985-08-01,Dry/Cool,1985,27.086107333333334,NA,NA,NA,NA,NA
1985-09-01,Dry/Cool,1985,26.961724333333333,NA,NA,NA,NA,NA
1985-10-01,Wet/Hot,1985,26.837838333333334,NA,NA,NA,NA,NA
1985-11-01,Wet/Hot,1985,26.714498,NA,NA,NA,NA,NA
1985-12-01,Wet/Hot,1985,26.57137925,NA,NA,NA,NA,NA
1986-01-01,Wet/Hot,1986,26.429107000000002,NA,NA,NA,NA,NA
1986-02-01,Wet/Hot,1986,26.307943333333334,NA,NA,NA,NA,NA
1986-03-01,Wet/Hot,1986,26.187537,NA,NA,NA,NA,NA
1986-04-01,Dry/Cool,1986,26.067935,NA,NA,NA,NA,NA
1986-05-01,Dry/Cool,1986,25.92950675,NA,NA,NA,NA,NA
1986-06-01,Dry/Cool,1986,25.79225,NA,NA,NA,NA,NA
1986-07-01,Dry/Cool,1986,25.67566,NA,NA,NA,NA,NA
1986-08-01,Dry/Cool,1986,25.560071,NA,NA,NA,NA,NA
1986-09-01,Dry/Cool,1986,25.445526,NA,NA,NA,NA,NA
1986-10-01,Wet/Hot,1986,25.31330525,NA,NA,NA,NA,NA
1986-11-01,Wet/Hot,1986,25.182558999999998,NA,NA,NA,NA,NA
1986-12-01,Wet/Hot,1986,25.071805333333334,NA,NA,NA,NA,NA
1987-01-01,Wet/Hot,1987,24.962279000000002,NA,NA,NA,NA,NA
1987-02-01,Wet/Hot,1987,24.854021333333332,NA,NA,NA,NA,NA
1987-03-01,Wet/Hot,1987,24.7294215,NA,0.49264705882352944,NA,NA,NA
1987-04-01,Dry/Cool,1987,24.606578666666667,NA,0.11428571428571428,NA,NA,NA
1987-05-01,Dry/Cool,1987,24.502837333333332,NA,NA,NA,NA,NA
1987-06-01,Dry/Cool,1987,24.400535,NA,0,NA,NA,NA
1987-07-01,Dry/Cool,1987,24.299711,NA,NA,NA,NA,NA
1987-08-01,Dry/Cool,1987,24.1840505,NA,NA,NA,NA,NA
1987-09-01,Dry/Cool,1987,24.07041033333333,NA,NA,NA,NA,NA
1987-10-01,Wet/Hot,1987,23.974780666666668,NA,0.41271820448877805,NA,NA,NA
1987-11-01,Wet/Hot,1987,23.880789,NA,0.5210843373493976,NA,NA,NA
1987-12-01,Wet/Hot,1987,23.77330475,NA,NA,NA,NA,NA
1988-01-01,Wet/Hot,1988,23.668044333333334,NA,NA,NA,NA,NA
1988-02-01,Wet/Hot,1988,23.579768666666666,NA,NA,NA,NA,NA
1988-03-01,Wet/Hot,1988,23.493284333333335,NA,NA,NA,NA,NA
1988-04-01,Dry/Cool,1988,23.408625,NA,NA,NA,NA,NA
1988-05-01,Dry/Cool,1988,23.31227075,NA,NA,NA,NA,NA
1988-06-01,Dry/Cool,1988,23.218378666666666,NA,NA,NA,NA,NA
1988-07-01,Dry/Cool,1988,23.140050666666667,NA,NA,NA,NA,NA
1988-08-01,Dry/Cool,1988,23.063695333333335,NA,NA,NA,NA,NA
1988-09-01,Dry/Cool,1988,22.989345,NA,NA,NA,NA,NA
1988-10-01,Wet/Hot,1988,22.90525075,NA,0.3695652173913043,NA,NA,NA
1988-11-01,Wet/Hot,1988,22.82384933333333,NA,0.21978021978021978,NA,NA,NA
1988-12-01,Wet/Hot,1988,22.756425666666665,NA,NA,NA,NA,NA
1989-01-01,Wet/Hot,1989,22.691151,NA,NA,NA,NA,NA
1989-02-01,Wet/Hot,1989,22.628058666666668,NA,NA,NA,NA,NA
1989-03-01,Wet/Hot,1989,22.567182,NA,NA,NA,NA,NA
1989-04-01,Dry/Cool,1989,22.49907775,NA,NA,NA,NA,NA
1989-05-01,Dry/Cool,1989,22.433938333333334,NA,NA,NA,NA,NA
1989-06-01,Dry/Cool,1989,22.380686666666666,NA,NA,NA,NA,NA
1989-07-01,Dry/Cool,1989,22.32979466666667,NA,NA,NA,NA,NA
1989-08-01,Dry/Cool,1989,22.273526500000003,NA,NA,NA,NA,NA
1989-09-01,Dry/Cool,1989,22.220412666666668,NA,NA,NA,NA,NA
1989-10-01,Wet/Hot,1989,22.177630999999998,NA,NA,NA,NA,NA
1989-11-01,Wet/Hot,1989,22.137357,NA,NA,NA,NA,NA
1989-12-01,Wet/Hot,1989,22.099625666666668,NA,NA,NA,NA,NA
1990-01-01,Wet/Hot,1990,22.0589515,NA,NA,NA,NA,NA
1990-02-01,Wet/Hot,1990,22.021672666666667,NA,NA,NA,NA,NA
1990-03-01,Wet/Hot,1990,21.992674,NA,NA,NA,NA,NA
1990-04-01,Dry/Cool,1990,21.966373333333333,NA,NA,NA,NA,NA
1990-05-01,Dry/Cool,1990,21.942809333333333,NA,NA,NA,NA,NA
1990-06-01,Dry/Cool,1990,21.922019,NA,NA,NA,NA,NA
1990-07-01,Dry/Cool,1990,21.90141375,NA,NA,NA,NA,NA
1990-08-01,Dry/Cool,1990,21.884513666666667,NA,NA,NA,NA,NA
1990-09-01,Dry/Cool,1990,21.873251666666665,NA,NA,NA,NA,NA
1990-10-01,Wet/Hot,1990,21.864907666666667,NA,NA,NA,NA,NA
1990-11-01,Wet/Hot,1990,21.85886975,NA,NA,NA,NA,NA
1990-12-01,Wet/Hot,1990,21.856419333333335,NA,NA,NA,NA,NA
1991-01-01,Wet/Hot,1991,21.857301,NA,NA,NA,NA,NA
1991-02-01,Wet/Hot,1991,21.860783666666666,NA,NA,NA,NA,NA
1991-03-01,Wet/Hot,1991,21.866791,NA,NA,NA,NA,NA
1991-04-01,Dry/Cool,1991,21.875247666666667,NA,NA,NA,NA,NA
1991-05-01,Dry/Cool,1991,21.88818475,NA,NA,NA,NA,NA
1991-06-01,Dry/Cool,1991,21.904087666666666,NA,NA,NA,NA,NA
1991-07-01,Dry/Cool,1991,21.920172666666666,NA,NA,NA,NA,NA
1991-08-01,Dry/Cool,1991,21.938386,NA,NA,NA,NA,NA
1991-09-01,Dry/Cool,1991,21.962291,NA,NA,NA,NA,NA
1991-10-01,Wet/Hot,1991,21.988750333333332,NA,NA,NA,NA,NA
1991-11-01,Wet/Hot,1991,22.013531,NA,NA,NA,NA,NA
1991-12-01,Wet/Hot,1991,22.040124333333335,NA,NA,NA,NA,NA
1992-01-01,Wet/Hot,1992,22.0733975,NA,NA,NA,NA,NA
1992-02-01,Wet/Hot,1992,22.108816333333333,NA,NA,NA,NA,NA
1992-03-01,Wet/Hot,1992,22.140926666666665,54.5,NA,NA,NA,NA
1992-04-01,Dry/Cool,1992,22.174535,43.375,NA,NA,NA,NA
1992-05-01,Dry/Cool,1992,22.209568333333333,NA,NA,NA,NA,NA
1992-06-01,Dry/Cool,1992,22.245953333333333,55.375,NA,NA,NA,NA
1992-07-01,Dry/Cool,1992,22.29005175,7,NA,NA,NA,NA
1992-08-01,Dry/Cool,1992,22.335696,55.22222222222222,NA,NA,NA,NA
1992-09-01,Dry/Cool,1992,22.376056666666667,NA,NA,NA,NA,NA
1992-10-01,Wet/Hot,1992,22.41745,45.375,NA,NA,NA,NA
1992-11-01,Wet/Hot,1992,22.459801666666667,NA,NA,NA,NA,NA
1992-12-01,Wet/Hot,1992,22.51034825,NA,NA,NA,NA,NA
1993-01-01,Wet/Hot,1993,22.561927,NA,NA,NA,NA,NA
1993-02-01,Wet/Hot,1993,22.606931333333332,35,NA,NA,NA,NA
1993-03-01,Wet/Hot,1993,22.652566666666665,NA,NA,NA,NA,NA
1993-04-01,Dry/Cool,1993,22.698757,NA,NA,NA,NA,NA
1993-05-01,Dry/Cool,1993,22.75325775,71.71428571428571,NA,NA,NA,NA
1993-06-01,Dry/Cool,1993,22.808261666666667,69.125,NA,NA,NA,NA
1993-07-01,Dry/Cool,1993,22.855745333333335,NA,NA,NA,NA,NA
1993-08-01,Dry/Cool,1993,22.903448333333333,NA,NA,NA,NA,NA
1993-09-01,Dry/Cool,1993,22.951291,NA,NA,NA,NA,NA
1993-10-01,Wet/Hot,1993,23.0071775,85.2,NA,NA,NA,NA
1993-11-01,Wet/Hot,1993,23.063022333333333,NA,NA,NA,NA,NA
1993-12-01,Wet/Hot,1993,23.110756666666667,61.333333333333336,0.8019169329073482,NA,NA,NA
1994-01-01,Wet/Hot,1994,23.158284000000002,NA,NA,NA,NA,NA
1994-02-01,Wet/Hot,1994,23.205523666666668,62.875,NA,NA,NA,NA
1994-03-01,Wet/Hot,1994,23.26014775,33.5,NA,NA,NA,NA
1994-04-01,Dry/Cool,1994,23.314168,59.857142857142854,NA,NA,NA,NA
1994-05-01,Dry/Cool,1994,23.359854,60.666666666666664,NA,NA,NA,NA
1994-06-01,Dry/Cool,1994,23.404894666666667,NA,NA,NA,NA,NA
1994-07-01,Dry/Cool,1994,23.449206,NA,0.6722689075630253,NA,NA,NA
1994-08-01,Dry/Cool,1994,23.49984025,NA,NA,NA,NA,NA
1994-09-01,Dry/Cool,1994,23.549293333333335,NA,NA,NA,NA,NA
1994-10-01,Wet/Hot,1994,23.590567333333333,70.0909090909091,NA,NA,NA,NA
1994-11-01,Wet/Hot,1994,23.630746333333335,48.285714285714285,0.7222222222222222,NA,NA,NA
1994-12-01,Wet/Hot,1994,23.676083,NA,0.7218045112781954,NA,NA,NA
1995-01-01,Wet/Hot,1995,23.719760333333333,NA,1.1322314049586777,NA,NA,NA
1995-02-01,Wet/Hot,1995,23.755672666666666,46.416666666666664,NA,NA,NA,NA
1995-03-01,Wet/Hot,1995,23.790119666666666,NA,NA,NA,NA,NA
1995-04-01,Dry/Cool,1995,23.823014333333333,69.46666666666667,NA,NA,NA,NA
1995-05-01,Dry/Cool,1995,23.854271,50,NA,NA,NA,NA
1995-06-01,Dry/Cool,1995,23.88849275,NA,NA,NA,NA,NA
1995-07-01,Dry/Cool,1995,23.920348999999998,NA,0.5631067961165048,NA,NA,NA
1995-08-01,Dry/Cool,1995,23.945522666666665,NA,NA,NA,NA,NA
1995-09-01,Dry/Cool,1995,23.968685333333333,77,NA,NA,NA,NA
1995-10-01,Wet/Hot,1995,23.99298,66.14285714285714,0.5980707395498392,NA,NA,NA
1995-11-01,Wet/Hot,1995,24.014426,55.1,0.7033492822966507,NA,NA,NA
1995-12-01,Wet/Hot,1995,24.030278,32.166666666666664,1.103448275862069,NA,NA,NA
1996-01-01,Wet/Hot,1996,24.043849,58.84615384615385,NA,NA,NA,NA
1996-02-01,Wet/Hot,1996,24.055178,54.583333333333336,0.8181818181818182,NA,NA,NA
1996-03-01,Wet/Hot,1996,24.064306666666667,78,0.9320388349514563,NA,NA,NA
1996-04-01,Dry/Cool,1996,24.072162,50.77777777777778,0.8058252427184466,NA,NA,NA
1996-05-01,Dry/Cool,1996,24.07728266666667,32,NA,NA,NA,NA
1996-06-01,Dry/Cool,1996,24.079378,NA,0.5203252032520326,NA,NA,NA
1996-07-01,Dry/Cool,1996,24.079455666666668,NA,1,NA,NA,NA
1996-08-01,Dry/Cool,1996,24.07699125,NA,0.6839080459770115,NA,NA,NA
1996-09-01,Dry/Cool,1996,24.072033666666666,NA,NA,NA,NA,NA
1996-10-01,Wet/Hot,1996,24.065699666666667,76,0.778702163061564,NA,NA,NA
1996-11-01,Wet/Hot,1996,24.057537666666665,52.92857142857143,0.42474916387959866,NA,NA,NA
1996-12-01,Wet/Hot,1996,24.047592,NA,0.7875,NA,NA,NA
1997-01-01,Wet/Hot,1997,24.03373925,54.81818181818182,NA,NA,26.64893358422939,NA
1997-02-01,Wet/Hot,1997,24.017700666666666,59,NA,NA,26.64893358422939,NA
1997-03-01,Wet/Hot,1997,24.002133666666666,69.25,NA,NA,26.64893358422939,NA
1997-04-01,Dry/Cool,1997,23.984978,46,NA,NA,NA,NA
1997-05-01,Dry/Cool,1997,23.966279333333333,67,NA,NA,NA,NA
1997-06-01,Dry/Cool,1997,23.946083,22,NA,NA,NA,NA
1997-07-01,Dry/Cool,1997,23.92064375,33,0.6480793060718711,NA,NA,NA
1997-08-01,Dry/Cool,1997,23.893391666666666,NA,1.263157894736842,NA,NA,NA
1997-09-01,Dry/Cool,1997,23.868534,NA,1.7801724137931034,NA,NA,NA
1997-10-01,Wet/Hot,1997,23.842377666666668,76.66666666666667,1.0810810810810811,25.49523333333333,26.64893358422939,NA
1997-11-01,Wet/Hot,1997,23.81024175,48.333333333333336,0.10970464135021098,26.39559,26.64893358422939,NA
1997-12-01,Wet/Hot,1997,23.776551,56.25,0.7119700748129676,28.05597741935484,26.64893358422939,NA
1998-01-01,Wet/Hot,1998,23.746395333333332,63.125,NA,28.0285564516129,28.19006886264721,27.028047769137224
1998-02-01,Wet/Hot,1998,23.715139999999998,53.30769230769231,NA,29.351758928571428,28.19006886264721,27.028047769137224
1998-03-01,Wet/Hot,1998,23.682829666666667,42.5,NA,28.311498387096776,28.19006886264721,27.028047769137224
1998-04-01,Dry/Cool,1998,23.649511333333333,54.2,NA,28.115611666666666,25.86602667562724,27.028047769137224
1998-05-01,Dry/Cool,1998,23.6093965,50.57142857142857,NA,26.991029032258062,25.86602667562724,27.028047769137224
1998-06-01,Dry/Cool,1998,23.568102,NA,NA,25.32284,25.86602667562724,27.028047769137224
1998-07-01,Dry/Cool,1998,23.531751,NA,NA,24.352590322580646,25.86602667562724,27.028047769137224
1998-08-01,Dry/Cool,1998,23.494589333333334,NA,NA,24.712129032258062,25.86602667562724,27.028047769137224
1998-09-01,Dry/Cool,1998,23.450246,NA,NA,25.70196,25.86602667562724,27.028047769137224
1998-10-01,Wet/Hot,1998,23.404977666666667,70.9,NA,27.067162903225807,28.19006886264721,27.028047769137224
1998-11-01,Wet/Hot,1998,23.365438,56,0.6014492753623188,27.944681666666668,28.19006886264721,27.028047769137224
1998-12-01,Wet/Hot,1998,23.325282666666666,56.22222222222222,NA,28.436754838709675,28.19006886264721,27.028047769137224
1999-01-01,Wet/Hot,1999,23.284555666666666,54.5,1.1784452296819787,29.2273475,27.90401511968766,26.398577929263837
1999-02-01,Wet/Hot,1999,23.243302333333332,60,NA,29.410557142857144,27.90401511968766,26.398577929263837
1999-03-01,Wet/Hot,1999,23.19455225,55.54545454545455,NA,28.808283870967742,27.90401511968766,26.398577929263837
1999-04-01,Dry/Cool,1999,23.145243666666666,63.5,1.2040816326530612,27.494843333333332,24.893140738840014,26.398577929263837
1999-05-01,Dry/Cool,1999,23.102553333333333,22.666666666666668,0.5555555555555556,25.541909677419355,24.893140738840014,26.398577929263837
1999-06-01,Dry/Cool,1999,23.059527,NA,NA,24.80198,24.893140738840014,26.398577929263837
1999-07-01,Dry/Cool,1999,23.0089545,NA,NA,23.689570967741936,24.893140738840014,26.398577929263837
1999-08-01,Dry/Cool,1999,22.95806766666667,NA,NA,23.339675454545457,24.893140738840014,26.398577929263837
1999-09-01,Dry/Cool,1999,22.914233,NA,NA,24.490865,24.893140738840014,26.398577929263837
1999-10-01,Wet/Hot,1999,22.870249333333334,71.72727272727273,0.8517316017316018,25.742059677419356,27.90401511968766,26.398577929263837
1999-11-01,Wet/Hot,1999,22.826159,60.77777777777778,0.6017699115044248,27.030518333333333,27.90401511968766,26.398577929263837
1999-12-01,Wet/Hot,1999,22.774641000000003,53.5,NA,27.205324193548385,27.90401511968766,26.398577929263837
2000-01-01,Wet/Hot,2000,22.723103,64.5,0.4223194748358862,28.57771129032258,28.44375037263626,NA
2000-02-01,Wet/Hot,2000,22.67896066666667,74,NA,28.617244827586205,28.44375037263626,NA
2000-03-01,Wet/Hot,2000,22.634893333333334,53.09090909090909,NA,28.136294999999997,28.44375037263626,NA
2000-04-01,Dry/Cool,2000,22.590942666666667,75,NA,NA,NA,NA
2000-05-01,Dry/Cool,2000,22.539874750000003,46.111111111111114,NA,NA,NA,NA
2000-06-01,Dry/Cool,2000,22.489072666666665,NA,NA,NA,NA,NA
2000-07-01,Dry/Cool,2000,22.445805,76.66666666666667,1.0285714285714285,NA,NA,NA
2000-08-01,Dry/Cool,2000,22.402829666666666,NA,0.09448818897637795,NA,NA,NA
2000-09-01,Dry/Cool,2000,22.360187,55.69230769230769,NA,NA,NA,NA
2000-10-01,Wet/Hot,2000,22.31092525,NA,NA,NA,28.44375037263626,NA
2000-11-01,Wet/Hot,2000,22.26220633333333,NA,NA,NA,28.44375037263626,NA
2000-12-01,Wet/Hot,2000,22.220960666666667,NA,0.5777777777777777,NA,28.44375037263626,NA
2001-01-01,Wet/Hot,2001,22.18021866666667,67,0.030927835051546393,NA,27.4935029390681,NA
2001-02-01,Wet/Hot,2001,22.14002,61,0.018292682926829267,NA,27.4935029390681,NA
2001-03-01,Wet/Hot,2001,22.093844,57.833333333333336,NA,NA,27.4935029390681,NA
2001-04-01,Dry/Cool,2001,22.048355333333333,46,NA,NA,24.932836538461537,NA
2001-05-01,Dry/Cool,2001,22.009914666666667,52,NA,NA,24.932836538461537,NA
2001-06-01,Dry/Cool,2001,21.971933999999997,100,NA,NA,24.932836538461537,NA
2001-07-01,Dry/Cool,2001,21.934381666666667,81.85714285714286,NA,NA,24.932836538461537,NA
2001-08-01,Dry/Cool,2001,21.891081,58,0.8644859813084113,NA,24.932836538461537,NA
2001-09-01,Dry/Cool,2001,21.848246,63.45454545454545,NA,24.932836538461537,24.932836538461537,NA
2001-10-01,Wet/Hot,2001,21.811892,NA,NA,26.03706935483871,27.4935029390681,NA
2001-11-01,Wet/Hot,2001,21.775829333333334,53.1,1.0748299319727892,27.617623333333334,27.4935029390681,NA
2001-12-01,Wet/Hot,2001,21.740026666666665,NA,0.4666666666666667,28.82581612903226,27.4935029390681,NA
2002-01-01,Wet/Hot,2002,21.6985515,NA,NA,29.389112903225808,27.857617402073732,26.50301448956733
2002-02-01,Wet/Hot,2002,21.657326666666666,57.5,NA,29.66855892857143,27.857617402073732,26.50301448956733
2002-03-01,Wet/Hot,2002,21.622169,NA,NA,28.60022580645161,27.857617402073732,26.50301448956733
2002-04-01,Dry/Cool,2002,21.587138666666668,NA,NA,27.501235,25.148411577060934,26.50301448956733
2002-05-01,Dry/Cool,2002,21.552205333333333,NA,NA,26.331733870967742,25.148411577060934,26.50301448956733
2002-06-01,Dry/Cool,2002,21.511532250000002,NA,NA,24.826293333333332,25.148411577060934,26.50301448956733
2002-07-01,Dry/Cool,2002,21.4709,74.88888888888889,NA,23.68163870967742,25.148411577060934,26.50301448956733
2002-08-01,Dry/Cool,2002,21.436071666666667,79,NA,23.837593548387098,25.148411577060934,26.50301448956733
2002-09-01,Dry/Cool,2002,21.401209666666666,63.09090909090909,NA,24.711975000000002,25.148411577060934,26.50301448956733
2002-10-01,Wet/Hot,2002,21.366285666666666,72,1.330827067669173,25.434112903225806,27.857617402073732,26.50301448956733
2002-11-01,Wet/Hot,2002,21.3254175,56.30769230769231,0.975736568457539,26.33721,27.857617402073732,26.50301448956733
2002-12-01,Wet/Hot,2002,21.284386,63.25,0.509009009009009,27.716483870967743,27.857617402073732,26.50301448956733
2003-01-01,Wet/Hot,2003,21.249040666666666,NA,0.5357142857142857,28.368451612903225,27.769142950588837,26.562284369559652
2003-02-01,Wet/Hot,2003,21.213505666666666,NA,1.1666666666666667,29.122910714285716,27.769142950588837,26.562284369559652
2003-03-01,Wet/Hot,2003,21.177752666666667,58.666666666666664,NA,28.320005000000002,27.769142950588837,26.562284369559652
2003-04-01,Dry/Cool,2003,21.135718,NA,NA,27.811206666666667,25.355425788530468,26.562284369559652
2003-05-01,Dry/Cool,2003,21.093320333333335,4,NA,26.131279032258064,25.355425788530468,26.562284369559652
2003-06-01,Dry/Cool,2003,21.056634333333335,NA,NA,25.26229,25.355425788530468,26.562284369559652
2003-07-01,Dry/Cool,2003,21.019606333333332,NA,NA,24.076059677419355,25.355425788530468,26.562284369559652
2003-08-01,Dry/Cool,2003,20.982209333333333,80.22222222222223,NA,24.15061935483871,25.355425788530468,26.562284369559652
2003-09-01,Dry/Cool,2003,20.9380625,64.5,1.4681181959564542,24.7011,25.355425788530468,26.562284369559652
2003-10-01,Wet/Hot,2003,20.893359,62.3,0.626099706744868,25.989112903225806,27.769142950588837,26.562284369559652
2003-11-01,Wet/Hot,2003,20.854532,69,0.8695652173913043,26.512451666666667,27.769142950588837,26.562284369559652
2003-12-01,Wet/Hot,2003,20.815216666666668,NA,0.6328125,28.301925806451614,27.769142950588837,26.562284369559652
2004-01-01,Wet/Hot,2004,20.768677500000003,62.23076923076923,NA,29.09838387096774,27.865086651393966,26.394686676951462
2004-02-01,Wet/Hot,2004,20.721429999999998,56.8,NA,29.196643103448277,27.865086651393966,26.394686676951462
2004-03-01,Wet/Hot,2004,20.680292666666666,NA,NA,28.739120967741933,27.865086651393966,26.394686676951462
2004-04-01,Dry/Cool,2004,20.638551333333332,61.22222222222222,NA,27.002998333333334,24.92428670250896,26.394686676951462
2004-05-01,Dry/Cool,2004,20.59618,50,0.3697478991596639,26.013269354838712,24.92428670250896,26.394686676951462
2004-06-01,Dry/Cool,2004,20.553153,NA,NA,24.41589,24.92428670250896,26.394686676951462
2004-07-01,Dry/Cool,2004,20.50206875,NA,0.5606060606060606,23.625090322580647,24.92428670250896,26.394686676951462
2004-08-01,Dry/Cool,2004,20.45006233333333,83.14285714285714,NA,24.12183387096774,24.92428670250896,26.394686676951462
2004-09-01,Dry/Cool,2004,20.404665666666666,75,0.3812154696132597,24.366638333333334,24.92428670250896,26.394686676951462
2004-10-01,Wet/Hot,2004,20.358503333333335,NA,1.0359897172236503,25.298416666666668,27.865086651393966,26.394686676951462
2004-11-01,Wet/Hot,2004,20.311551666666666,66.11111111111111,0.6134453781512605,27.172171428571428,27.865086651393966,26.394686676951462
2004-12-01,Wet/Hot,2004,20.2557165,73.66666666666667,1.0217391304347827,27.685783870967743,27.865086651393966,26.394686676951462
2005-01-01,Wet/Hot,2005,20.198790666666667,64.25,0.4634146341463415,28.269977419354838,27.817919054019455,26.291285136328725
2005-02-01,Wet/Hot,2005,20.149032666666667,67.33333333333333,0.2988505747126437,28.978403571428572,27.817919054019455,26.291285136328725
2005-03-01,Wet/Hot,2005,20.098382333333333,54.5,0.425,28.272574193548387,27.817919054019455,26.291285136328725
2005-04-01,Dry/Cool,2005,20.046816333333332,50.2,NA,27.16252666666667,24.764651218637994,26.291285136328725
2005-05-01,Dry/Cool,2005,19.9854375,62.142857142857146,NA,25.827403225806453,24.764651218637994,26.291285136328725
2005-06-01,Dry/Cool,2005,19.922808666666665,NA,NA,24.573746666666665,24.764651218637994,26.291285136328725
2005-07-01,Dry/Cool,2005,19.868029666666665,NA,NA,23.583890322580643,24.764651218637994,26.291285136328725
2005-08-01,Dry/Cool,2005,19.812238666666666,NA,NA,23.228487096774195,24.764651218637994,26.291285136328725
2005-09-01,Dry/Cool,2005,19.755416333333333,NA,NA,24.211853333333334,24.764651218637994,26.291285136328725
2005-10-01,Wet/Hot,2005,19.68775575,66,0.9665071770334929,26.00513548387097,27.817919054019455,26.291285136328725
2005-11-01,Wet/Hot,2005,19.618700333333333,66.4,0.7379310344827587,27.080133333333333,27.817919054019455,26.291285136328725
2005-12-01,Wet/Hot,2005,19.558290333333332,68,0.9047619047619048,28.301290322580645,27.817919054019455,26.291285136328725
2006-01-01,Wet/Hot,2006,19.496761,64,NA,28.5536,27.901836251920123,26.568750142089094
2006-02-01,Wet/Hot,2006,19.434093999999998,NA,NA,29.133414285714284,27.901836251920123,26.568750142089094
2006-03-01,Wet/Hot,2006,19.359482749999998,64,NA,28.24371935483871,27.901836251920123,26.568750142089094
2006-04-01,Dry/Cool,2006,19.283345,NA,NA,27.552066666666665,25.235664032258065,26.568750142089094
2006-05-01,Dry/Cool,2006,19.216763999999998,60.63636363636363,NA,25.384429032258065,25.235664032258065,26.568750142089094
2006-06-01,Dry/Cool,2006,19.149014,NA,NA,23.802326666666666,25.235664032258065,26.568750142089094
2006-07-01,Dry/Cool,2006,19.08012533333333,60.583333333333336,NA,24.77017,25.235664032258065,26.568750142089094
2006-08-01,Dry/Cool,2006,18.9983245,NA,NA,24.69284516129032,25.235664032258065,26.568750142089094
2006-09-01,Dry/Cool,2006,18.915135666666668,70.4,NA,25.212146666666666,25.235664032258065,26.568750142089094
2006-10-01,Wet/Hot,2006,18.842679,77,NA,25.692990322580645,27.901836251920123,26.568750142089094
2006-11-01,Wet/Hot,2006,18.769219,59.30769230769231,0.940387481371088,27.3762,27.901836251920123,26.568750142089094
2006-12-01,Wet/Hot,2006,18.68225875,NA,0.640625,28.411093548387097,27.901836251920123,26.568750142089094
2007-01-01,Wet/Hot,2007,18.594084666666667,66.4,NA,29.896245161290324,28.678311943164363,27.194751258320533
2007-02-01,Wet/Hot,2007,18.517503,NA,NA,29.458807142857143,28.678311943164363,27.194751258320533
2007-03-01,Wet/Hot,2007,18.440052,56.63636363636363,0.8872180451127819,29.30068064516129,28.678311943164363,27.194751258320533
2007-04-01,Dry/Cool,2007,18.361761333333334,NA,1,27.80551,25.711190573476703,27.194751258320533
2007-05-01,Dry/Cool,2007,18.282661333333333,50.5,NA,27.20969677419355,25.711190573476703,27.194751258320533
2007-06-01,Dry/Cool,2007,18.189372249999998,80,NA,25.538603333333334,25.711190573476703,27.194751258320533
2007-07-01,Dry/Cool,2007,18.095118333333332,6,0.1388888888888889,24.345193548387098,25.711190573476703,27.194751258320533
2007-08-01,Dry/Cool,2007,18.013539,70.66666666666667,NA,24.221606451612903,25.711190573476703,27.194751258320533
2007-09-01,Dry/Cool,2007,17.93128,81,0.8591549295774648,25.146533333333334,25.711190573476703,27.194751258320533
2007-10-01,Wet/Hot,2007,17.834471999999998,NA,1.2093821510297482,26.423590322580644,28.678311943164363,27.194751258320533
2007-11-01,Wet/Hot,2007,17.73686633333333,71.5,0.8448979591836735,27.9061,28.678311943164363,27.194751258320533
2007-12-01,Wet/Hot,2007,17.65255433333333,72.7,0.6434108527131783,29.084448387096774,28.678311943164363,27.194751258320533
2008-01-01,Wet/Hot,2008,17.56769,59.857142857142854,0.2682926829268293,29.729277419354837,29.572962588060808,NA
2008-02-01,Wet/Hot,2008,17.482300666666667,62.5,1.0268456375838926,29.578610344827585,29.572962588060808,NA
2008-03-01,Wet/Hot,2008,17.38204025,60,0.24749163879598662,29.411,29.572962588060808,NA
2008-04-01,Dry/Cool,2008,17.281179,75.75,1,NA,NA,NA
2008-05-01,Dry/Cool,2008,17.194245,68.73333333333333,NA,NA,NA,NA
2008-06-01,Dry/Cool,2008,17.106908,55.72727272727273,1.0039421813403417,NA,NA,NA
2008-07-01,Dry/Cool,2008,17.019195,NA,0.6461538461538462,NA,NA,NA
2008-08-01,Dry/Cool,2008,16.91641325,NA,0.5660377358490566,NA,NA,NA
2008-09-01,Dry/Cool,2008,16.81322,NA,0.28337874659400547,NA,NA,NA
2008-10-01,Wet/Hot,2008,16.724447666666666,81,1.0889261744966443,NA,29.572962588060808,NA
2008-11-01,Wet/Hot,2008,16.635414,68.9375,0.9900662251655629,NA,29.572962588060808,NA
2008-12-01,Wet/Hot,2008,16.546145333333335,53.333333333333336,0.49736842105263157,NA,29.572962588060808,NA
2009-01-01,Wet/Hot,2009,16.44172975,68.2,NA,NA,27.67955322580645,NA
2009-02-01,Wet/Hot,2009,16.337080666666665,61.333333333333336,NA,NA,27.67955322580645,NA
2009-03-01,Wet/Hot,2009,16.247211333333333,44.5,NA,NA,27.67955322580645,NA
2009-04-01,Dry/Cool,2009,16.157215333333333,66.1,0.20491803278688525,NA,NA,NA
2009-05-01,Dry/Cool,2009,16.067117,49.1,0.9259259259259259,NA,NA,NA
2009-06-01,Dry/Cool,2009,15.976939666666667,NA,0,NA,NA,NA
2009-07-01,Dry/Cool,2009,15.87166425,NA,NA,NA,NA,NA
2009-08-01,Dry/Cool,2009,15.766352666666666,NA,0.5422535211267606,NA,NA,NA
2009-09-01,Dry/Cool,2009,15.676081666666667,NA,NA,NA,NA,NA
2009-10-01,Wet/Hot,2009,15.585831666666666,65.72727272727273,0.8242229367631297,NA,27.67955322580645,NA
2009-11-01,Wet/Hot,2009,15.48059825,73.33333333333333,0.5322884012539185,27.4181,27.67955322580645,NA
2009-12-01,Wet/Hot,2009,15.375453666666667,NA,0.49264705882352944,27.941006451612903,27.67955322580645,NA
2010-01-01,Wet/Hot,2010,15.285431333333333,61.625,NA,28.570243548387097,28.0944855062724,26.926766288082437
2010-02-01,Wet/Hot,2010,15.195523333333334,57.125,2.6296296296296298,29.1484625,28.0944855062724,26.926766288082437
2010-03-01,Wet/Hot,2010,15.105750666666667,74.55555555555556,NA,28.533070967741935,28.0944855062724,26.926766288082437
2010-04-01,Dry/Cool,2010,15.016132333333333,74,NA,27.174468333333333,25.759047069892475,26.926766288082437
2010-05-01,Dry/Cool,2010,14.91180725,NA,NA,26.36220483870968,25.759047069892475,26.926766288082437
2010-06-01,Dry/Cool,2010,14.807739,NA,0.2611232676878191,25.295180000000002,25.759047069892475,26.926766288082437
2010-07-01,Dry/Cool,2010,14.71878,NA,NA,24.641970967741937,25.759047069892475,26.926766288082437
2010-08-01,Dry/Cool,2010,14.63006,NA,NA,24.940201612903223,25.759047069892475,26.926766288082437
2010-09-01,Dry/Cool,2010,14.526889,NA,NA,26.140256666666666,25.759047069892475,26.926766288082437
2010-10-01,Wet/Hot,2010,14.424078666666666,76,0.4461181923522596,26.523116129032257,28.0944855062724,26.926766288082437
2010-11-01,Wet/Hot,2010,14.336286666666666,51,0.3941311852704258,27.040816666666665,28.0944855062724,26.926766288082437
2010-12-01,Wet/Hot,2010,14.248809666666666,54.44444444444444,0.22807017543859648,28.75120322580645,28.0944855062724,26.926766288082437
2011-01-01,Wet/Hot,2011,14.147187,59,NA,29.02172741935484,28.697387831429907,NA
2011-02-01,Wet/Hot,2011,14.0604335,71.75,NA,28.607726397515528,28.697387831429907,NA
2011-03-01,Wet/Hot,2011,13.9740885,54.583333333333336,0.23008849557522124,28.462709677419355,28.697387831429907,NA
2011-04-01,Dry/Cool,2011,13.873802,56.5,NA,26.97483,26.97483,NA
2011-05-01,Dry/Cool,2011,13.788288333333334,52.111111111111114,0.11926605504587157,NA,26.97483,NA
2011-06-01,Dry/Cool,2011,13.703191333333333,NA,0.08303249097472924,NA,26.97483,NA
2011-07-01,Dry/Cool,2011,13.646683,NA,NA,NA,26.97483,NA
