"date","avg_water_temp_2.0m_flat_site","avg_water_temp_9.0m_slope_site"
1997-10-23,25.2598,25.2387
1997-10-24,25.3085,25.1819
1997-10-25,25.496,25.2727
1997-10-26,25.5685,25.4177
1997-10-27,25.5879,25.544
1997-10-28,25.6204,25.5348
1997-10-29,25.7202,25.5319
1997-10-30,25.7446,25.5404
1997-10-31,25.7485,25.5977
1997-11-01,25.6683,25.5329
1997-11-02,25.5756,25.4498
1997-11-03,25.5785,25.4127
1997-11-04,25.8425,25.4573
1997-11-05,25.7863,25.6817
1997-11-06,26.1194,25.7856
1997-11-07,26.384,26.0129
1997-11-08,26.7313,26.0321
1997-11-09,26.5575,26.2535
1997-11-10,26.4156,26.0829
1997-11-11,26.4267,26.1429
1997-11-12,26.4706,26.1879
1997-11-13,26.4785,26.2331
1997-11-14,26.5763,26.3779
1997-11-15,26.5648,26.4383
1997-11-16,26.6863,26.5131
1997-11-17,26.71,26.5183
1997-11-18,26.7177,26.3802
1997-11-19,26.6248,26.4198
1997-11-20,26.6456,26.4069
1997-11-21,26.8396,26.4135
1997-11-22,26.7363,26.5594
1997-11-23,26.7421,26.6375
1997-11-24,26.774,26.6223
1997-11-25,26.6238,26.6085
1997-11-26,26.6958,26.5704
1997-11-27,26.8071,26.6029
1997-11-28,27.105,26.8025
1997-11-29,27.2352,26.995
1997-11-30,27.3892,27.0952
1997-12-01,27.5829,27.124
1997-12-02,27.6996,27.3742
1997-12-03,27.7815,27.4356
1997-12-04,27.8933,27.6154
1997-12-05,27.8735,27.2983
1997-12-06,27.8121,27.3125
1997-12-07,27.7046,27.4498
1997-12-08,27.7802,27.595
1997-12-09,27.901,27.7444
1997-12-10,28.1171,27.7513
1997-12-11,28.0427,27.8567
1997-12-12,28.0771,27.7113
1997-12-13,28.1267,27.8544
1997-12-14,28.1463,28.0154
1997-12-15,28.3985,28.2742
1997-12-16,28.4885,28.2606
1997-12-17,28.7438,28.11
1997-12-18,28.7563,28.3944
1997-12-19,28.9063,28.535
1997-12-20,28.8569,28.3427
1997-12-21,29.2513,28.8746
1997-12-22,28.9771,28.8675
1997-12-23,28.8538,28.7873
1997-12-24,28.6306,28.0148
1997-12-25,28.5052,28.4352
1997-12-26,28.1692,28.109
1997-12-27,28.2198,27.9829
1997-12-28,28.0708,27.8763
1997-12-29,28.0165,27.734
1997-12-30,27.5373,27.5421
1997-12-31,27.1027,27.1685
1998-01-01,27.0571,27.0731
1998-01-02,26.8965,26.9581
1998-01-03,26.9821,27.0419
1998-01-04,27.3075,27.1477
1998-01-05,27.36,27.2408
1998-01-06,27.375,27.2842
1998-01-07,27.4083,27.2958
1998-01-08,27.426,27.36
1998-01-09,27.4294,27.3515
1998-01-10,27.6998,27.4481
1998-01-11,27.9394,27.4958
1998-01-12,28.3135,27.599
1998-01-13,28.3342,27.8506
1998-01-14,28.1531,27.6742
1998-01-15,28.2306,27.8788
1998-01-16,28.2256,27.8765
1998-01-17,27.9471,27.9231
1998-01-18,27.6788,27.7077
1998-01-19,27.7198,27.7067
1998-01-20,28.1635,27.7569
1998-01-21,28.4519,27.9608
1998-01-22,29.0108,28.2006
1998-01-23,29.5185,28.1746
1998-01-24,29.3352,28.1798
1998-01-25,29.4015,28.2646
1998-01-26,29.6385,28.2415
1998-01-27,29.3113,28.3425
1998-01-28,29.2152,28.7506
1998-01-29,29.4456,28.6442
1998-01-30,29.5404,28.5621
1998-01-31,29.4477,28.8148
1998-02-01,29.299,28.8938
1998-02-02,29.2763,28.8788
1998-02-03,29.3513,28.8552
1998-02-04,29.4458,28.9502
1998-02-05,29.2633,28.9635
1998-02-06,29.0825,28.9294
1998-02-07,29.1088,28.9733
1998-02-08,29.1921,28.9921
1998-02-09,29.1863,29.0135
1998-02-10,29.236,29.0498
1998-02-11,29.735,29.1454
1998-02-12,29.844,29.3008
1998-02-13,29.8796,29.3594
1998-02-14,29.8479,29.4454
1998-02-15,29.635,29.4806
1998-02-16,29.915,29.5117
1998-02-17,29.9919,29.5677
1998-02-18,30.1004,29.5138
1998-02-19,29.9615,29.58
1998-02-20,29.7158,29.5542
1998-02-21,29.5694,29.4498
1998-02-22,29.5654,29.4779
1998-02-23,29.63,29.5054
1998-02-24,29.4408,29.3985
1998-02-25,29.1948,29.1602
1998-02-26,29.1323,29.0373
1998-02-27,29.1188,29.036
1998-02-28,29.0058,28.95
1998-03-01,28.801,28.7896
1998-03-02,28.6554,28.5923
1998-03-03,28.5119,28.436
1998-03-04,28.3352,28.2888
1998-03-05,28.1502,28.1123
1998-03-06,28.2567,28.084
1998-03-07,28.3931,28.174
1998-03-08,28.5104,28.2494
1998-03-09,28.656,28.414
1998-03-10,28.6483,28.4956
1998-03-11,28.5229,28.4502
1998-03-12,28.4765,28.3938
1998-03-13,28.4708,28.3646
1998-03-14,28.4213,28.3248
1998-03-15,28.4746,28.2896
1998-03-16,28.4069,28.2519
1998-03-17,28.3633,28.2229
1998-03-18,28.3279,28.206
1998-03-19,28.2954,28.185
1998-03-20,28.2479,28.114
1998-03-21,28.1781,28.0123
1998-03-22,28.1329,27.9965
1998-03-23,28.0304,27.9704
1998-03-24,28.0183,27.9233
1998-03-25,28.1227,27.9279
1998-03-26,28.3052,28.0929
1998-03-27,28.3521,28.1994
1998-03-28,28.4329,28.2556
1998-03-29,28.4413,28.3038
1998-03-30,28.3265,28.254
1998-03-31,28.3946,28.2773
1998-04-01,28.5865,28.2835
1998-04-02,28.6585,28.3954
1998-04-03,28.5371,28.4142
1998-04-04,28.3506,28.3052
1998-04-05,28.2035,28.1279
1998-04-06,28.0775,27.9833
1998-04-07,28.0581,27.8921
1998-04-08,27.9602,27.8781
1998-04-09,27.8585,27.7565
1998-04-10,27.8554,27.7296
1998-04-11,27.8329,27.7233
1998-04-12,27.9719,27.756
1998-04-13,28.1506,27.8677
1998-04-14,28.1515,27.9629
1998-04-15,28.184,27.994
1998-04-16,28.2606,27.9948
1998-04-17,28.2292,28.0069
1998-04-18,28.269,28.0119
1998-04-19,28.2644,28.0415
1998-04-20,28.1642,28.0823
1998-04-21,28.1433,28.0325
1998-04-22,28.2673,28.0473
1998-04-23,28.2556,28.139
1998-04-24,28.2788,28.1135
1998-04-25,28.4017,28.1467
1998-04-26,28.3917,28.1958
1998-04-27,28.3204,28.1738
1998-04-28,28.2394,28.0985
1998-04-29,28.0602,27.986
1998-04-30,27.9479,27.866
1998-05-01,28.0104,27.8298
1998-05-02,27.9985,27.8321
1998-05-03,27.899,27.7958
1998-05-04,27.7856,27.7527
1998-05-05,27.7981,27.6081
1998-05-06,27.8369,27.6992
1998-05-07,27.76,27.6627
1998-05-08,27.6296,27.569
1998-05-09,27.5802,27.5021
1998-05-10,27.4106,27.3279
1998-05-11,27.38,27.2421
1998-05-12,27.3806,27.209
1998-05-13,27.2954,27.11
1998-05-14,27.2629,27.1435
1998-05-15,27.1546,27.0883
1998-05-16,27.1985,27.0265
1998-05-17,27.1619,27.0163
1998-05-18,27.1454,26.9746
1998-05-19,27.1473,27.0283
1998-05-20,26.9579,26.914
1998-05-21,26.7756,26.6869
1998-05-22,26.6765,26.5731
1998-05-23,26.5515,26.4488
1998-05-24,26.45,26.3413
1998-05-25,26.3692,26.2177
1998-05-26,26.1269,26.0592
1998-05-27,26.1185,26.0252
1998-05-28,26.0071,25.9354
1998-05-29,25.986,25.844
1998-05-30,25.8471,25.7473
1998-05-31,25.8642,25.6669
1998-06-01,25.9148,25.7452
1998-06-02,26.0121,25.8467
1998-06-03,26.0492,25.886
1998-06-04,26.1271,25.9675
1998-06-05,26.0827,25.9567
1998-06-06,25.9556,25.8348
1998-06-07,25.8183,25.7338
1998-06-08,25.6892,25.5608
1998-06-09,25.5531,25.456
1998-06-10,25.4527,25.3363
1998-06-11,25.2848,25.1554
1998-06-12,25.4654,25.2281
1998-06-13,25.6854,25.491
1998-06-14,25.6996,25.5567
1998-06-15,25.8044,25.6396
1998-06-16,25.8269,25.6683
1998-06-17,25.5858,25.5367
1998-06-18,25.3183,25.2717
1998-06-19,25.22,25.1394
1998-06-20,25.211,25.0544
1998-06-21,25.2227,25.071
1998-06-22,25.1921,25.0798
1998-06-23,25.0125,24.9621
1998-06-24,24.6719,24.6088
1998-06-25,24.5029,24.4523
1998-06-26,24.3213,24.2315
1998-06-27,24.3935,24.2773
1998-06-28,24.5742,24.396
1998-06-29,24.9569,24.7452
1998-06-30,24.9698,24.9071
1998-07-01,24.4015,24.3704
1998-07-02,24.0604,23.9817
1998-07-03,24.0796,23.9748
1998-07-04,24.1602,24.0148
1998-07-05,24.3535,24.1533
1998-07-06,24.496,24.2944
1998-07-07,24.4515,24.3602
1998-07-08,24.4173,24.2723
1998-07-09,24.4271,24.2833
1998-07-10,24.2373,24.1892
1998-07-11,23.9435,23.874
1998-07-12,23.9394,23.8694
1998-07-13,23.8946,23.7946
1998-07-14,23.925,23.7427
1998-07-15,24.2233,24.0529
1998-07-16,24.2873,24.1771
1998-07-17,24.3052,24.1733
1998-07-18,24.4071,24.2019
1998-07-19,24.5069,24.2906
1998-07-20,24.6533,24.3848
1998-07-21,24.8467,24.5613
1998-07-22,24.8923,24.6563
1998-07-23,24.8229,24.6546
1998-07-24,24.6567,24.555
1998-07-25,24.5531,24.4781
1998-07-26,24.6754,24.4723
1998-07-27,24.6913,24.4788
1998-07-28,24.9683,24.775
1998-07-29,25.0383,24.8344
1998-07-30,24.6571,24.6104
1998-07-31,24.191,24.1656
1998-08-01,23.7885,23.7138
1998-08-02,23.7871,23.651
1998-08-03,23.999,23.7685
1998-08-04,24.4372,24.1704
1998-08-05,24.4117,24.2763
1998-08-06,24.7258,24.4283
1998-08-07,25.064,24.7127
1998-08-08,24.8071,24.7798
1998-08-09,24.3652,24.319
1998-08-10,24.1615,24.0877
1998-08-11,24.051,23.965
1998-08-12,24.5042,24.1752
1998-08-13,24.9719,24.8215
1998-08-14,24.7904,24.6935
1998-08-15,24.8308,24.6921
1998-08-16,25.0435,24.8002
1998-08-17,25.1546,24.9173
1998-08-18,25.126,24.959
1998-08-19,25.1398,24.8833
1998-08-20,24.964,24.7621
1998-08-21,24.9542,24.7333
1998-08-22,24.985,24.8067
1998-08-23,25.006,24.916
1998-08-24,25.0777,24.9863
1998-08-25,25.114,24.9904
1998-08-26,25.0517,24.9123
1998-08-27,25.1979,24.9492
1998-08-28,25.1571,25.0706
1998-08-29,25.236,25.0769
1998-08-30,25.4115,25.1725
1998-08-31,25.3642,25.2825
1998-09-01,25.3425,25.2119
1998-09-02,25.4113,25.1963
1998-09-03,25.6606,25.3417
1998-09-04,25.6775,25.3806
1998-09-05,25.7242,25.3904
1998-09-06,25.7983,25.4865
1998-09-07,25.7373,25.56
1998-09-08,25.6956,25.5525
1998-09-09,25.6517,25.5481
1998-09-10,25.4679,25.4248
1998-09-11,25.6221,25.4477
1998-09-12,25.6967,25.504
1998-09-13,25.8025,25.5829
1998-09-14,25.8435,25.6727
1998-09-15,26.031,25.8167
1998-09-16,25.9054,25.855
1998-09-17,25.7721,25.6371
1998-09-18,25.7985,25.549
1998-09-19,25.8869,25.6415
1998-09-20,25.9602,25.749
1998-09-21,25.8944,25.8048
1998-09-22,25.8913,25.7854
1998-09-23,25.92,25.7723
1998-09-24,25.9521,25.8058
1998-09-25,25.9552,25.7663
1998-09-26,25.8469,25.734
1998-09-27,25.9494,25.7106
1998-09-28,25.9988,25.7613
1998-09-29,26.0379,25.8125
1998-09-30,25.8804,25.804
1998-10-01,25.7808,25.6806
1998-10-02,25.7629,25.5869
1998-10-03,25.7063,25.5813
1998-10-04,25.854,25.6327
1998-10-05,25.9621,25.7306
1998-10-06,26.0733,25.8288
1998-10-07,26.3069,26.1058
1998-10-08,26.6508,26.3779
1998-10-09,26.8804,26.5856
1998-10-10,26.8054,26.7425
1998-10-11,27.2535,26.7329
1998-10-12,27.4481,26.8567
1998-10-13,27.721,27.0813
1998-10-14,27.8265,27.0688
1998-10-15,27.8135,27.1556
1998-10-16,27.5829,27.0873
1998-10-17,27.2604,27.0727
1998-10-18,27.1185,26.9577
1998-10-19,27.1692,26.9331
1998-10-20,27.4871,27.039
1998-10-21,27.7735,27.3496
1998-10-22,27.6621,27.4129
1998-10-23,27.6148,27.4033
1998-10-24,27.7308,27.4348
1998-10-25,27.8342,27.4923
1998-10-26,27.9573,27.6494
1998-10-27,28.1515,27.8306
1998-10-28,28.2935,27.9752
1998-10-29,28.1792,27.7765
1998-10-30,28.1794,27.896
1998-10-31,28.2375,28.0283
1998-11-01,28.3635,28.1827
1998-11-02,28.1585,28.1029
1998-11-03,27.8167,27.7898
1998-11-04,27.5108,27.4438
1998-11-05,27.4275,27.3308
1998-11-06,27.3004,27.2256
1998-11-07,27.2546,27.1608
1998-11-08,27.3033,27.1042
1998-11-09,27.4633,27.2296
1998-11-10,27.4727,27.339
1998-11-11,27.4579,27.3369
1998-11-12,27.4715,27.3129
1998-11-13,27.5944,27.4494
1998-11-14,27.756,27.5604
1998-11-15,27.9519,27.6552
1998-11-16,28.1877,27.9058
1998-11-17,28.6069,28.1535
1998-11-18,28.6071,28.4033
1998-11-19,28.4269,28.3335
1998-11-20,28.2831,28.2829
1998-11-21,28.3592,28.1954
1998-11-22,28.2906,28.1085
1998-11-23,28.5983,28.2644
1998-11-24,28.5698,28.5198
1998-11-25,28.274,28.2165
1998-11-26,28.3502,28.2304
1998-11-27,28.4719,28.3527
1998-11-28,28.4669,28.3377
1998-11-29,28.4342,28.2829
1998-11-30,28.3854,28.2544
1998-12-01,28.3925,28.2106
1998-12-02,28.1125,28.0958
1998-12-03,27.865,27.8215
1998-12-04,27.7394,27.6894
1998-12-05,27.8917,27.636
1998-12-06,28.2263,28.0552
1998-12-07,28.1958,28.119
1998-12-08,28.2204,28.0235
1998-12-09,28.3021,28.1248
1998-12-10,28.2579,28.145
1998-12-11,28.0633,28.044
1998-12-12,27.9498,27.9015
1998-12-13,28.039,27.901
1998-12-14,28.0298,27.9454
1998-12-15,28.1935,27.9671
1998-12-16,28.2656,28.0556
1998-12-17,28.4163,28.1785
1998-12-18,28.6054,28.3023
1998-12-19,28.9869,28.8171
1998-12-20,28.9815,28.8692
1998-12-21,29.1919,28.9677
1998-12-22,29.0371,28.8081
1998-12-23,28.8483,28.7206
1998-12-24,28.6265,28.5671
1998-12-25,28.6515,28.4821
1998-12-26,28.8258,28.5096
1998-12-27,28.9585,28.8323
1998-12-28,29.1877,28.926
1998-12-29,29.4352,29.0656
1998-12-30,29.4598,29.2406
1998-12-31,29.0844,29.0152
1999-01-01,29.1523,28.9521
1999-01-02,29.2653,29.0656
1999-01-03,29.1892,29.0848
1999-01-04,29.3371,29.1377
1999-01-05,29.3733,29.2458
1999-01-06,29.1006,29.1008
1999-01-07,29.0436,28.9606
1999-01-08,29.0669,28.834
1999-08-21,23.0519,23.0365
1999-08-22,23.1102,23.0773
1999-08-23,23.2113,23.1365
1999-08-24,23.31,23.2502
1999-08-25,23.3942,23.2923
1999-08-26,23.4885,23.3231
1999-08-27,23.571,23.4248
1999-08-28,23.8106,23.6531
1999-08-29,23.9871,23.8354
1999-08-30,24.0904,23.9527
1999-08-31,23.8469,23.8415
1999-09-01,23.7688,23.7483
1999-09-02,23.7121,23.6985
1999-09-03,23.7577,23.7177
1999-09-04,23.7006,23.6481
1999-09-05,24.1942,23.9306
1999-09-06,24.5831,24.3238
1999-09-07,24.6488,24.3735
1999-09-08,24.55,24.3475
1999-09-09,24.5788,24.3498
1999-09-10,24.5052,24.3602
1999-09-11,24.7306,24.5013
1999-09-12,24.8621,24.7756
1999-09-13,24.7206,24.6121
1999-09-14,24.7781,24.7379
1999-09-15,24.906,24.844
1999-09-16,24.7938,24.7235
1999-09-17,24.9608,24.82
1999-09-18,24.9794,24.9415
1999-09-19,24.9038,24.9229
1999-09-20,24.8173,24.8185
1999-09-21,24.7556,24.686
1999-09-22,24.6521,24.6342
1999-09-23,24.6321,24.6056
1999-09-24,24.5808,24.5394
1999-09-25,24.5867,24.5498
1999-09-26,24.4846,24.506
1999-09-27,24.3663,24.4008
1999-09-28,24.434,24.4219
1999-09-29,24.4483,24.461
1999-09-30,24.5669,24.4927
1999-10-01,24.6831,24.5581
1999-10-02,24.8471,24.681
1999-10-03,24.9381,24.8202
1999-10-04,25.121,24.9604
1999-10-05,25.285,25.0942
1999-10-06,25.3125,25.1502
1999-10-07,25.2765,25.2121
1999-10-08,25.0902,25.1242
1999-10-09,25.0833,25.0644
1999-10-10,25.1144,25.0129
1999-10-11,25.2542,25.1813
1999-10-12,25.3748,25.3321
1999-10-13,25.6083,25.5777
1999-10-14,25.8198,25.711
1999-10-15,25.8852,25.669
1999-10-16,25.9894,25.6363
1999-10-17,26.0073,25.9265
1999-10-18,25.8717,25.861
1999-10-19,25.9325,25.7542
1999-10-20,25.9352,25.8546
1999-10-21,26.0383,25.9638
1999-10-22,26.0438,25.9765
1999-10-23,26.1906,26.0279
1999-10-24,26.266,26.1719
1999-10-25,26.379,26.2433
1999-10-26,26.4827,26.4081
1999-10-27,26.6119,26.539
1999-10-28,26.6768,26.5567
1999-10-29,26.816,26.6469
1999-10-30,26.9879,26.6627
1999-10-31,27.0148,26.6921
1999-11-01,27.0454,26.8302
1999-11-02,27.071,26.9642
1999-11-03,27.0563,26.999
1999-11-04,27.026,27.0431
1999-11-05,27.2106,27.1633
1999-11-06,27.2804,27.2685
1999-11-07,27.6148,27.5121
1999-11-08,27.7023,27.6679
1999-11-09,27.5596,27.5494
1999-11-10,27.4702,27.5192
1999-11-11,27.1444,27.1946
1999-11-12,26.8377,26.8808
1999-11-13,26.7796,26.7492
1999-11-14,26.7829,26.6221
1999-11-15,26.7892,26.6679
1999-11-16,26.9398,26.8752
1999-11-17,26.9623,26.9858
1999-11-18,27.1935,27.0633
1999-11-19,27.3223,27.2238
1999-11-20,27.0788,27.195
1999-11-21,27.0102,27.0683
1999-11-22,26.9552,27.0202
1999-11-23,26.959,27.015
1999-11-24,27.0269,27.029
1999-11-25,26.9708,27.0238
1999-11-26,26.9219,26.9627
1999-11-27,26.7721,26.8236
1999-11-28,26.5313,26.564
1999-11-29,26.5863,26.5983
1999-11-30,26.5756,26.5752
1999-12-01,26.6487,26.6613
1999-12-02,26.582,26.6273
1999-12-03,26.6313,26.6548
1999-12-04,26.6252,26.6669
1999-12-05,26.6204,26.6469
1999-12-06,26.6379,26.6694
1999-12-07,26.6579,26.6858
1999-12-08,26.7131,26.739
1999-12-09,26.7838,26.7529
1999-12-10,26.9419,26.8163
1999-12-11,27.0956,26.985
1999-12-12,27.1802,27.1354
1999-12-13,27.2696,27.2171
1999-12-14,27.1102,27.1402
1999-12-15,27.1181,27.0585
1999-12-16,27.2596,27.0492
1999-12-17,27.2588,27.194
1999-12-18,27.6188,27.5744
1999-12-19,27.671,27.7217
1999-12-20,27.6079,27.6558
1999-12-21,27.3685,27.4481
1999-12-22,27.3446,27.3517
1999-12-23,27.224,27.3654
1999-12-24,27.2756,27.33
1999-12-25,27.3108,27.3371
1999-12-26,27.4833,27.5
1999-12-27,27.5385,27.5527
1999-12-28,27.709,27.5738
1999-12-29,27.8904,27.7079
1999-12-30,28.375,28.0685
1999-12-31,28.1371,28.1542
2000-01-01,28.2375,28.134
2000-01-02,28.4533,28.2829
2000-01-03,28.4219,28.2467
2000-01-04,28.1865,28.1873
2000-01-05,28.324,28.1933
2000-01-06,28.4365,28.3121
2000-01-07,28.5181,28.4219
2000-01-08,28.5552,28.5023
2000-01-09,28.584,28.5277
2000-01-10,28.6758,28.5458
2000-01-11,28.7254,28.6606
2000-01-12,28.4917,28.6123
2000-01-13,28.3492,28.3598
2000-01-14,28.1873,28.1727
2000-01-15,28.1652,28.0352
2000-01-16,28.2015,28.0465
2000-01-17,28.1583,28.1308
2000-01-18,28.121,28.1515
2000-01-19,28.2225,28.1906
2000-01-20,28.3325,28.3194
2000-01-21,28.5406,28.5094
2000-01-22,28.6819,28.6985
2000-01-23,28.7946,28.7604
2000-01-24,29.0648,28.9546
2000-01-25,28.9885,28.8965
2000-01-26,29.1723,29.0156
2000-01-27,29.281,29.0856
2000-01-28,29.476,29.2719
2000-01-29,29.3115,29.3096
2000-01-30,29.2615,29.2146
2000-01-31,29.0796,29.0683
2000-02-01,28.9135,28.9302
2000-02-02,28.7592,28.8023
2000-02-03,28.5646,28.591
2000-02-04,28.4827,28.5198
2000-02-05,28.4323,28.5125
2000-02-06,28.3188,28.4454
2000-02-07,28.2548,28.3217
2000-02-08,28.1571,28.2167
2000-02-09,28.1165,28.156
2000-02-10,28.0467,28.1035
2000-02-11,28.1446,28.1204
2000-02-12,28.3277,28.2633
2000-02-13,28.6073,28.4619
2000-02-14,28.6523,28.534
2000-02-15,28.7381,28.5756
2000-02-16,28.7308,28.6142
2000-02-17,28.7021,28.7227
2000-02-18,29.0223,28.8388
2000-02-19,28.9481,28.8225
2000-02-20,29.0625,28.8679
2000-02-21,29.3413,28.9517
2000-02-22,29.455,28.8565
2000-02-23,29.5183,28.9192
2000-02-24,29.0802,28.9063
2000-02-25,28.7817,28.989
2000-02-26,28.5717,28.7996
2000-02-27,28.4385,28.6465
2000-02-28,28.1602,28.3202
2000-02-29,28.2748,28.3871
2000-03-01,28.3521,28.3533
2000-03-02,28.1998,28.2302
2000-03-03,28.1063,28.1175
2000-03-04,28.0269,27.9948
2000-03-05,28.1408,28.0038
2000-03-06,28.2035,28.1108
2000-03-07,28.3519,28.18
2000-03-08,28.3748,28.2754
2000-03-09,28.3706,28.3606
2000-03-10,28.3246,28.3744
2000-03-11,28.3258,28.3025
2000-03-12,28.3119,28.2215
2000-03-13,28.31,28.1946
2000-03-14,28.1883,28.1827
2000-03-15,28.0898,28.1079
2000-03-16,27.974,28.0192
2000-03-17,27.7025,27.9094
2000-03-18,27.8767,27.9477
2000-03-19,27.845,27.8704
2000-03-20,27.7971,27.8227
2001-09-05,24.6676,24.6999
2001-09-06,24.6263,24.5888
2001-09-07,24.5658,24.5619
2001-09-08,24.6821,24.6615
2001-09-09,24.8029,24.8212
2001-09-10,24.7423,24.7366
2001-09-11,24.783,24.7714
2001-09-12,24.9657,24.9457
2001-09-13,25.2167,25.1194
2001-09-14,25.47,25.2382
2001-09-15,25.5478,25.3178
2001-09-16,25.3093,25.1704
2001-09-17,25.1044,25.1138
2001-09-18,24.9621,24.992
2001-09-19,24.9618,25.0004
2001-09-20,24.9328,24.9781
2001-09-21,24.9183,24.9235
2001-09-22,24.8793,24.8476
2001-09-23,24.7991,24.7856
2001-09-24,24.8003,24.7821
2001-09-25,24.8211,24.7715
2001-09-26,24.923,24.8671
2001-09-27,25.0781,25.0103
2001-09-28,25.1084,25.0417
2001-09-29,25.0638,25.0283
2001-09-30,25.0169,24.9838
2001-10-01,25.1221,25.0543
2001-10-02,25.1771,25.0816
2001-10-03,25.1866,25.0961
2001-10-04,25.2155,25.1849
2001-10-05,25.2804,25.2531
2001-10-06,25.4926,25.3665
2001-10-07,25.3962,25.4077
2001-10-08,25.599,25.5057
2001-10-09,25.6557,25.6306
2001-10-10,25.6291,25.6321
2001-10-11,25.8464,25.7126
2001-10-12,25.9012,25.8065
2001-10-13,25.979,25.8467
2001-10-14,26.1139,25.9733
2001-10-15,26.2354,26.0786
2001-10-16,26.2832,26.159
2001-10-17,26.2163,26.243
2001-10-18,26.3168,26.3386
2001-10-19,26.5185,26.411
2001-10-20,26.8598,26.5718
2001-10-21,26.7589,26.5645
2001-10-22,26.5279,26.5676
2001-10-23,26.2522,26.2712
2001-10-24,26.2937,26.1785
2001-10-25,26.2543,26.2243
2001-10-26,26.4552,26.4114
2001-10-27,26.3875,26.3946
2001-10-28,26.4939,26.4684
2001-10-29,26.7096,26.6434
2001-10-30,27.0002,26.9046
2001-10-31,27.1319,27.026
2001-11-01,27.2504,27.2028
2001-11-02,27.3247,27.1794
2001-11-03,27.6249,27.3885
2001-11-04,27.4686,27.1891
2001-11-05,27.3618,27.1527
2001-11-06,27.2234,27.1913
2001-11-07,27.078,27.0788
2001-11-08,27.0663,27.0658
2001-11-09,27.2658,27.1867
2001-11-10,27.5049,27.4237
2001-11-11,27.612,27.4551
2001-11-12,27.6721,27.5041
2001-11-13,27.7288,27.5961
2001-11-14,27.705,27.5532
2001-11-15,27.5331,27.5746
2001-11-16,27.5584,27.557
2001-11-17,27.6121,27.5857
2001-11-18,27.5826,27.5344
2001-11-19,27.6227,27.5957
2001-11-20,27.6225,27.6175
2001-11-21,27.8019,27.7094
2001-11-22,28.0769,27.9105
2001-11-23,27.9661,27.9578
2001-11-24,27.8767,27.884
2001-11-25,27.9244,27.8782
2001-11-26,28.1903,28.0528
2001-11-27,28.3123,28.2351
2001-11-28,28.3306,28.206
2001-11-29,28.0268,28.0388
2001-11-30,27.7637,27.8648
2001-12-01,27.949,27.8393
2001-12-02,28.2173,28.0046
2001-12-03,28.0503,27.9567
2001-12-04,27.8798,27.8081
2001-12-05,27.9283,27.8402
2001-12-06,28.3978,28.147
2001-12-07,28.4647,28.4297
2001-12-08,28.5014,28.4952
2001-12-09,28.9319,28.853
2001-12-10,29.2837,28.9929
2001-12-11,29.2255,29.0714
2001-12-12,29.2196,28.9416
2001-12-13,28.9381,28.8022
2001-12-14,28.6899,28.7152
2001-12-15,28.8283,28.6996
2001-12-16,28.9385,28.9265
2001-12-17,28.9843,28.873
2001-12-18,29.1418,28.816
2001-12-19,29.0867,28.8994
2001-12-20,28.9514,28.8852
2001-12-21,28.9459,28.7772
2001-12-22,28.89,28.7389
2001-12-23,28.6589,28.7011
2001-12-24,28.8188,28.8079
2001-12-25,29.03,28.9895
2001-12-26,29.1246,29.1551
2001-12-27,29.3979,29.3441
2001-12-28,29.6386,29.5836
2001-12-29,29.5934,29.582
2001-12-30,29.7271,29.4294
2001-12-31,29.8898,29.7717
2002-01-01,29.8522,29.2781
2002-01-02,29.8077,29.4849
2002-01-03,29.7256,29.7365
2002-01-04,29.8005,29.8474
2002-01-05,29.8487,29.7449
2002-01-06,29.7708,29.6185
2002-01-07,29.6962,29.5331
2002-01-08,29.6543,29.1583
2002-01-09,30.1274,29.7142
2002-01-10,30.0372,29.83
2002-01-11,30.1532,30.0374
2002-01-12,29.9609,29.9796
2002-01-13,29.7298,29.7919
2002-01-14,29.4593,29.5217
2002-01-15,29.3635,29.349
2002-01-16,29.3874,29.117
2002-01-17,29.6489,29.3773
2002-01-18,29.2967,29.1284
2002-01-19,28.8932,28.7405
2002-01-20,28.653,28.651
2002-01-21,28.7352,28.6169
2002-01-22,28.8603,28.7329
2002-01-23,28.8775,28.7711
2002-01-24,28.7786,28.7401
2002-01-25,29.1215,29.0603
2002-01-26,29.1656,29.1112
2002-01-27,29.1129,29.1185
2002-01-28,29.1598,29.1158
2002-01-29,29.2721,29.233
2002-01-30,29.4319,29.4164
2002-01-31,29.6215,29.5657
2002-02-01,29.7737,29.6059
2002-02-02,29.8955,29.676
2002-02-03,30.0586,29.6522
2002-02-04,30.1098,29.8605
2002-02-05,30.1919,29.9138
2002-02-06,30.64,29.983
2002-02-07,30.6086,30.1512
2002-02-08,30.451,30.4861
2002-02-09,30.5734,30.3085
2002-02-10,30.5951,30.3606
2002-02-11,30.3374,30.4119
2002-02-12,29.9301,30.0079
2002-02-13,29.7673,29.8256
2002-02-14,29.5019,29.5166
2002-02-15,28.9944,29.051
2002-02-16,28.9733,28.9473
2002-02-17,29.0499,29.0847
2002-02-18,29.1423,29.1625
2002-02-19,29.3741,29.0702
2002-02-20,29.3682,29.1571
2002-02-21,29.6114,29.2096
2002-02-22,29.5746,29.2961
2002-02-23,29.4885,29.3225
2002-02-24,29.3436,29.2716
2002-02-25,29.2849,29.1954
2002-02-26,29.2724,29.267
2002-02-27,29.4069,29.38
2002-02-28,29.4585,29.4872
2002-03-01,29.4847,29.527
2002-03-02,29.5711,29.5791
2002-03-03,29.652,29.668
2002-03-04,29.5343,29.5979
2002-03-05,29.1618,29.3873
2002-03-06,28.928,29.0063
2002-03-07,28.8432,28.7378
2002-03-08,28.7107,28.7454
2002-03-09,28.7497,28.7011
2002-03-10,28.7133,28.7088
2002-03-11,28.7461,28.7046
2002-03-12,28.77,28.7264
2002-03-13,28.6315,28.6716
2002-03-14,28.4635,28.5276
2002-03-15,28.3982,28.3974
2002-03-16,28.454,28.3824
2002-03-17,28.3655,28.3797
2002-03-18,28.2637,28.2718
2002-03-19,28.2235,28.1864
2002-03-20,28.2074,28.214
2002-03-21,28.231,28.1753
2002-03-22,28.2353,28.1504
2002-03-23,28.1081,28.1471
2002-03-24,28.1249,28.0744
2002-03-25,28.1292,28.118
2002-03-26,28.085,28.1096
2002-03-27,28.1581,28.111
2002-03-28,28.3098,28.2431
2002-03-29,28.4615,28.3932
2002-03-30,28.478,28.4617
2002-03-31,28.4957,28.4208
2002-04-01,28.3221,28.3626
2002-04-02,28.1098,28.157
2002-04-03,28.0201,27.9919
2002-04-04,27.9294,27.9326
2002-04-05,27.886,27.9089
2002-04-06,27.7453,27.8036
2002-04-07,27.6456,27.6998
2002-04-08,27.571,27.5716
2002-04-09,27.4814,27.4827
2002-04-10,27.402,27.4348
2002-04-11,27.3555,27.3755
2002-04-12,27.2856,27.359
2002-04-13,27.2481,27.2667
2002-04-14,27.2583,27.2823
2002-04-15,27.2668,27.2775
2002-04-16,27.0881,27.2035
2002-04-17,27.1959,27.2521
2002-04-18,27.3216,27.3272
2002-04-19,27.4479,27.4715
2002-04-20,27.4795,27.5095
2002-04-21,27.4392,27.4237
2002-04-22,27.5197,27.4888
2002-04-23,27.5909,27.6022
2002-04-24,27.723,27.6469
2002-04-25,27.5096,27.5034
2002-04-26,27.3724,27.3801
2002-04-27,27.2914,27.3092
2002-04-28,27.1965,27.2472
2002-04-29,27.0749,27.1343
2002-04-30,26.9141,26.9763
2002-05-01,26.7317,26.7855
2002-05-02,26.5447,26.5894
2002-05-03,26.4352,26.439
2002-05-04,26.3504,26.393
2002-05-05,26.341,26.354
2002-05-06,26.3114,26.344
2002-05-07,26.2781,26.2467
2002-05-08,26.2096,26.2317
2002-05-09,26.0376,26.0917
2002-05-10,25.9927,25.9979
2002-05-11,25.8843,25.9247
2002-05-12,25.8558,25.8746
2002-05-13,25.9156,25.9186
2002-05-14,26.14,26.0366
2002-05-15,26.3082,26.2774
2002-05-16,26.4692,26.4007
2002-05-17,26.506,26.3778
2002-05-18,26.4247,26.4251
2002-05-19,26.4583,26.4603
2002-05-20,26.6061,26.5979
2002-05-21,26.4994,26.5361
2002-05-22,26.4939,26.4263
2002-05-23,26.495,26.4378
2002-05-24,26.5396,26.4137
2002-05-25,26.5103,26.3781
2002-05-26,26.4529,26.373
2002-05-27,26.4376,26.3403
2002-05-28,26.4165,26.357
2002-05-29,26.4142,26.3813
2002-05-30,26.3504,26.3425
2002-05-31,26.1795,26.2249
2002-06-01,25.7624,25.8145
2002-06-02,25.3883,25.4115
2002-06-03,25.0586,25.062
2002-06-04,24.9159,24.8668
2002-06-05,24.9636,24.8498
2002-06-06,25.0376,25.0544
2002-06-07,25.0959,25.1057
2002-06-08,25.262,25.1991
2002-06-09,25.301,25.3003
2002-06-10,25.1386,25.1956
2002-06-11,24.8949,24.9486
2002-06-12,24.8343,24.8515
2002-06-13,24.9864,24.9323
2002-06-14,25.0775,25.0805
2002-06-15,25.2284,25.2011
2002-06-16,25.3465,25.2768
2002-06-17,25.7972,25.6417
2002-06-18,25.6068,25.6222
2002-06-19,24.9039,24.9455
2002-06-20,24.4121,24.4566
2002-06-21,24.2835,24.3177
2002-06-22,24.206,24.2599
2002-06-23,24.1341,24.1699
2002-06-24,24.2846,24.2947
2002-06-25,24.3937,24.4115
2002-06-26,24.351,24.3996
2002-06-27,24.3565,24.4007
2002-06-28,24.176,24.2051
2002-06-29,23.9124,23.965
2002-06-30,23.6008,23.6265
2002-07-01,23.5539,23.5822
2002-07-02,23.7256,23.7262
2002-07-03,23.8111,23.8195
2002-07-04,23.9835,23.973
2002-07-05,24.1005,24.0933
2002-07-06,24.2787,24.2331
2002-07-07,23.9112,23.957
2002-07-08,23.5624,23.6074
2002-07-09,23.4917,23.5075
2002-07-10,23.5993,23.5255
2002-07-11,23.5976,23.5795
2002-07-12,23.7439,23.6465
2002-07-13,23.8476,23.7744
2002-07-14,24.0519,23.9666
2002-07-15,24.1619,24.1981
2002-07-16,23.9003,23.903
2002-07-17,23.5923,23.6389
2002-07-18,23.4644,23.5148
2002-07-19,23.4006,23.4278
2002-07-20,23.2482,23.2995
2002-07-21,23.1936,23.2448
2002-07-22,23.1309,23.1652
2002-07-23,23.145,23.1644
2002-07-24,23.1829,23.1621
2002-07-25,23.2196,23.1686
2002-07-26,23.7994,23.7281
2002-07-27,23.6716,23.7165
2002-07-28,23.6912,23.6212
2002-07-29,23.9808,24.0244
2002-07-30,23.9531,23.9712
2002-07-31,24.1727,24.1539
2002-08-01,24.1305,24.1397
2002-08-02,24.3166,24.3291
2002-08-03,24.3723,24.4
2002-08-04,24.348,24.323
2002-08-05,24.1916,24.2373
2002-08-06,23.9519,24.0084
2002-08-07,23.8134,23.8318
2002-08-08,23.5836,23.6399
2002-08-09,23.6461,23.6403
2002-08-10,23.6899,23.7069
2002-08-11,23.6352,23.6847
2002-08-12,23.6028,23.6101
2002-08-13,23.5856,23.5733
2002-08-14,23.8339,23.8164
2002-08-15,23.885,23.9095
2002-08-16,23.5804,23.6292
2002-08-17,23.5844,23.5228
2002-08-18,23.6853,23.6051
2002-08-19,23.8546,23.7655
2002-08-20,23.8741,23.8325
2002-08-21,24.0055,23.9206
2002-08-22,23.8373,23.882
2002-08-23,23.9276,23.8969
2002-08-24,23.9738,23.9439
2002-08-25,24.0148,23.9911
2002-08-26,23.8851,23.9344
2002-08-27,23.7173,23.7384
2002-08-28,23.6321,23.5957
2002-08-29,23.5601,23.5646
2002-08-30,23.548,23.4661
2002-08-31,23.7975,23.7273
2002-09-01,24.0656,24.0796
2002-09-02,24.1454,24.1324
2002-09-03,24.1384,24.0743
2002-09-04,24.3156,24.1186
2002-09-05,24.5141,24.2465
2002-09-06,24.615,24.3886
2002-09-07,24.491,24.4249
2002-09-08,24.744,24.4789
2002-09-09,24.7319,24.6002
2002-09-10,24.8183,24.7557
2002-09-11,24.7901,24.8086
2002-09-12,24.8104,24.8567
2002-09-13,24.7213,24.7052
2002-09-14,24.5669,24.5665
2002-09-15,24.561,24.4436
2002-09-16,24.4594,24.377
2002-09-17,24.525,24.364
2002-09-18,24.5243,24.5234
2002-09-19,24.744,24.5669
2002-09-20,24.9683,24.7836
2002-09-21,25.0531,24.9074
2002-09-22,25.0986,24.9709
2002-09-23,25.0892,24.9938
2002-09-24,25.1792,25.091
2002-09-25,25.2136,25.1175
2002-09-26,25.0854,25.0303
2002-09-27,25.2049,25.0455
2002-09-28,25.2863,25.144
2002-09-29,25.1967,25.2038
2002-09-30,25.0967,25.1654
2002-10-01,24.9496,25.0057
2002-10-02,24.794,24.8139
2002-10-03,24.8452,24.7868
2002-10-04,24.9609,24.8533
2002-10-05,25.0212,24.9368
2002-10-06,25.0575,25.0123
2002-10-07,25.0752,25.062
2002-10-08,25.0391,25.0535
2002-10-09,25.0552,25.0517
2002-10-10,25.0908,25.0838
2002-10-11,25.16,25.1126
2002-10-12,25.2197,25.1758
2002-10-13,25.3077,25.2324
2002-10-14,25.2741,25.2278
2002-10-15,25.3,25.2302
2002-10-16,25.447,25.3159
2002-10-17,25.6479,25.422
2002-10-18,25.6787,25.5252
2002-10-19,25.6439,25.5748
2002-10-20,25.6764,25.556
2002-10-21,25.5853,25.5931
2002-10-22,25.6307,25.6754
2002-10-23,25.6084,25.6596
2002-10-24,25.6029,25.6073
2002-10-25,25.7162,25.4855
2002-10-26,26.0725,25.7777
2002-10-27,26.2293,26.1989
2002-10-28,26.3211,26.2946
2002-10-29,26.264,26.1866
2002-10-30,26.0729,26.0818
2002-10-31,26.0036,25.971
2002-11-01,26.0353,25.9519
2002-11-02,26.0631,25.9898
2002-11-03,26.0966,26.0718
2002-11-04,26.0786,26.0206
2002-11-05,25.9793,26.0035
2002-11-06,25.9794,25.9849
2002-11-07,25.9488,26.0036
2002-11-08,25.9202,25.9481
2002-11-09,25.9407,25.9511
2002-11-10,26.0141,25.8967
2002-11-11,26.1034,26.0759
2002-11-12,26.2734,26.1835
2002-11-13,26.5573,26.3719
2002-11-14,26.4518,26.4542
2002-11-15,26.5056,26.4454
2002-11-16,26.5631,26.47
2002-11-17,26.5552,26.5484
2002-11-18,26.4587,26.5086
2002-11-19,26.4356,26.4853
2002-11-20,26.4138,26.4374
2002-11-21,26.4123,26.4333
2002-11-22,26.4325,26.3856
2002-11-23,26.5178,26.47
2002-11-24,26.5587,26.5068
2002-11-25,26.5173,26.5074
2002-11-26,26.5103,26.5454
2002-11-27,26.6323,26.6587
2002-11-28,26.6972,26.7123
2002-11-29,26.8265,26.8136
2002-11-30,26.9403,26.9777
2002-12-01,27.0702,27.0871
2002-12-02,27.1593,27.197
2002-12-03,27.2864,27.2924
2002-12-04,27.4209,27.3846
2002-12-05,27.3735,27.4567
2002-12-06,27.3665,27.4275
2002-12-07,27.542,27.5232
2002-12-08,27.8136,27.7151
2002-12-09,27.628,27.4436
2002-12-10,27.7989,27.6803
2002-12-11,27.7805,27.7409
2002-12-12,27.8035,27.7634
2002-12-13,27.8395,27.6661
2002-12-14,27.9678,27.8085
2002-12-15,27.7848,27.6279
2002-12-16,27.6745,27.6608
2002-12-17,27.6668,27.6895
2002-12-18,27.4893,27.5681
2002-12-19,27.5448,27.5539
2002-12-20,27.6366,27.6267
2002-12-21,27.6421,27.6378
2002-12-22,27.696,27.6871
2002-12-23,27.7371,27.7418
2002-12-24,27.745,27.7885
2002-12-25,28.0155,27.9177
2002-12-26,28.2927,28.224
2002-12-27,28.2715,28.3112
2002-12-28,28.2849,28.1367
2002-12-29,28.1868,28.2267
2002-12-30,28.0686,28.1294
2002-12-31,28.0827,28.0375
2003-01-01,28.1559,28.201
2003-01-02,28.2551,28.2791
2003-01-03,28.4052,28.418
2003-01-04,28.4987,28.4981
2003-01-05,28.3943,28.4442
2003-01-06,28.4248,28.4538
2003-01-07,28.3849,28.3871
2003-01-08,28.4084,28.3048
2003-01-09,28.4259,28.4109
2003-01-10,28.693,28.5916
2003-01-11,28.6089,28.5561
2003-01-12,28.4811,28.5302
2003-01-13,28.3478,28.3867
2003-01-14,28.3626,28.2845
2003-01-15,28.2692,28.3116
2003-01-16,28.2618,28.2769
2003-01-17,28.2215,28.278
2003-01-18,28.2946,28.2945
2003-01-19,28.3653,28.3913
2003-01-20,28.354,28.3832
2003-01-21,28.3966,28.4293
2003-01-22,28.3698,28.3638
2003-01-23,28.3865,28.3614
2003-01-24,28.3862,28.3515
2003-01-25,28.3615,28.4035
2003-01-26,28.2587,28.325
2003-01-27,28.2622,28.2163
2003-01-28,28.2543,28.1784
2003-01-29,28.3365,28.2994
2003-01-30,28.363,28.3611
2003-01-31,28.4827,28.4017
2003-02-01,28.5257,28.4997
2003-02-02,28.5972,28.5846
2003-02-03,28.4491,28.4779
2003-02-04,28.5265,28.541
2003-02-05,28.7172,28.6402
2003-02-06,29.0648,28.8251
2003-02-07,29.1262,28.8921
2003-02-08,29.2614,29.081
2003-02-09,29.2775,29.2761
2003-02-10,29.1645,29.1805
2003-02-11,29.0855,29.0928
2003-02-12,29.1805,29.0751
2003-02-13,29.3221,29.1526
2003-02-14,29.2196,29.1284
2003-02-15,29.1735,29.1338
2003-02-16,29.1184,29.1457
2003-02-17,29.1645,29.2164
2003-02-18,29.2341,29.2823
2003-02-19,29.2615,29.2824
2003-02-20,29.2783,29.3042
2003-02-21,29.3548,29.3283
2003-02-22,29.3412,29.3202
2003-02-23,29.3252,29.386
2003-02-24,29.2587,29.308
2003-02-25,29.4319,29.4987
2003-02-26,29.5651,29.6332
2003-02-27,29.4828,29.5619
2003-02-28,29.2278,29.2992
2003-03-01,29.1884,29.2912
2003-03-02,28.9905,29.0974
2003-03-03,28.82,28.7087
2003-03-04,28.7885,28.7332
2003-03-05,28.741,28.7779
2003-03-06,28.691,28.6735
2003-03-07,28.6222,28.6375
2003-03-08,28.5796,28.559
2003-03-09,28.4889,28.5272
2003-03-10,28.5734,28.5069
2003-03-11,28.4499,28.5342
2003-03-12,28.2669,28.327
2003-03-13,28.053,28.136
2003-03-14,27.9478,28.0453
2003-03-15,27.9451,27.9502
2003-03-16,27.9467,27.972
2003-03-17,27.9028,27.936
2003-03-18,27.8641,27.9219
2003-03-19,27.858,27.879
2003-03-20,27.9135,27.9272
2003-03-21,27.9995,27.9291
2003-03-22,28.0374,27.9517
2003-03-23,28.1354,28.0455
2003-03-25,28.5601,28.4568
2003-03-26,28.3498,28.3558
2003-03-27,28.2526,28.271
2003-03-28,28.1998,28.1885
2003-03-29,28.1461,28.1316
2003-03-30,28.1186,28.0807
2003-03-31,28.1339,28.0838
2003-04-01,28.0843,28.0428
2003-04-02,28.0877,28.0029
2003-04-03,28.1343,28.0165
2003-04-04,28.2736,28.1272
2003-04-05,28.4435,28.2378
2003-04-06,28.3549,28.2354
2003-04-07,28.3595,28.251
2003-04-08,28.3321,28.1561
2003-04-09,28.3587,28.2436
2003-04-10,28.4762,28.3027
2003-04-11,28.3693,28.3104
2003-04-12,28.367,28.2336
2003-04-13,28.2635,28.2155
2003-04-14,28.2061,28.157
2003-04-15,28.2271,28.1389
2003-04-16,28.2357,28.1468
2003-04-17,28.1198,28.0839
2003-04-18,27.9793,27.9739
2003-04-19,27.7354,27.784
2003-04-20,27.4181,27.4272
2003-04-21,27.4246,27.3553
2003-04-22,27.2521,27.2353
2003-04-23,27.2709,27.1955
2003-04-24,27.1569,27.1326
2003-04-25,26.9975,26.9973
2003-04-26,27.0339,26.9579
2003-04-27,27.1031,26.9661
2003-04-28,27.1525,27.0032
2003-04-29,27.2131,27.0489
2003-04-30,27.1678,27.0946
2003-05-01,27.1194,27.0971
2003-05-02,27.0022,26.9895
2003-05-03,26.7834,26.7788
2003-05-04,26.628,26.6191
2003-05-05,26.4597,26.4518
2003-05-06,26.1447,26.1145
2003-05-07,26.0739,25.9499
2003-05-08,26.0994,25.969
2003-05-09,26.0596,25.9561
2003-05-10,26.1268,25.9987
2003-05-11,26.0631,26.0547
2003-05-12,25.982,25.9671
2003-05-13,25.8961,25.8991
2003-05-14,25.9503,25.8962
2003-05-15,25.8821,25.9006
2003-05-16,25.971,25.8416
2003-05-17,26.1737,25.9609
2003-05-18,26.4196,26.227
2003-05-19,26.5156,26.4294
2003-05-20,26.5393,26.4271
2003-05-21,26.4886,26.4537
2003-05-22,26.3414,26.3071
2003-05-23,26.254,26.245
2003-05-24,26.2251,26.1822
2003-05-25,26.1038,26.0755
2003-05-26,25.9277,25.9104
2003-05-27,25.8232,25.8174
2003-05-28,25.6205,25.6103
2003-05-29,25.5206,25.4919
2003-05-30,25.3831,25.339
2003-05-31,25.3253,25.2754
2003-06-01,25.4058,25.2976
2003-06-02,25.4725,25.3718
2003-06-03,25.7544,25.6208
2003-06-04,25.9991,25.8983
2003-06-05,26.1603,26.0977
2003-06-06,26.1584,26.077
2003-06-07,26.0701,26.0184
2003-06-08,26.0514,26.0085
2003-06-09,25.8352,25.8248
2003-06-10,25.6451,25.6283
2003-06-11,25.4476,25.4352
2003-06-12,25.3433,25.3265
2003-06-13,25.2239,25.2121
2003-06-14,25.1162,25.1148
2003-06-15,25.0799,25.0717
2003-06-16,25.0151,24.9884
2003-06-17,24.902,24.8731
2003-06-18,24.7263,24.7114
2003-06-19,24.7786,24.7009
2003-06-20,24.921,24.8068
2003-06-21,24.8836,24.8485
2003-06-22,24.8816,24.8165
2003-06-23,24.7959,24.7943
2003-06-24,24.8527,24.8197
2003-06-25,24.6442,24.6266
2003-06-26,24.8137,24.6653
2003-06-27,24.8733,24.7544
2003-06-28,25.2454,25.0484
2003-06-29,25.3773,25.2085
2003-06-30,25.3414,25.2558
2003-07-01,25.2907,25.2406
2003-07-02,25.2844,25.2355
2003-07-03,25.1735,25.1444
2003-07-04,24.9613,24.9376
2003-07-05,24.6063,24.584
2003-07-06,24.4222,24.4088
2003-07-07,24.2204,24.1561
2003-07-08,24.1419,24.0876
2003-07-09,24.1282,24.0599
2003-07-10,24.1252,24.0314
2003-07-11,24.2102,24.0923
2003-07-12,24.3519,24.1846
2003-07-13,24.2028,24.1785
2003-07-14,24.076,24.0615
2003-07-15,24.0619,24.0462
2003-07-16,23.8549,23.8496
2003-07-17,23.7879,23.7621
2003-07-18,23.7813,23.7601
2003-07-19,23.7348,23.7004
2003-07-20,23.7527,23.7031
2003-07-21,23.8074,23.6684
2003-07-22,23.7585,23.704
2003-07-23,23.8743,23.7938
2003-07-24,24.1775,24.0564
2003-07-25,23.839,23.8273
2003-07-26,23.6157,23.587
2003-07-27,23.5058,23.4748
2003-07-28,23.3757,23.329
2003-07-29,23.453,23.3549
2003-07-30,23.7828,23.5748
2003-07-31,23.8972,23.8656
2003-08-01,23.4343,23.4013
2003-08-02,23.1395,23.109
2003-08-03,23.1028,23.0565
2003-08-04,23.1726,23.1028
2003-08-05,23.2828,23.1457
2003-08-06,23.2777,23.1816
2003-08-07,23.3713,23.313
2003-08-08,23.681,23.5381
2003-08-09,23.9667,23.8175
2003-08-10,24.2481,24.0185
2003-08-11,24.3035,24.1138
2003-08-12,24.441,24.2115
2003-08-13,24.4378,24.2362
2003-08-14,24.508,24.3347
2003-08-15,24.5104,24.3936
2003-08-16,24.5006,24.3488
2003-08-17,24.5932,24.4498
2003-08-18,24.565,24.4776
2003-08-19,24.5709,24.5135
2003-08-20,24.5409,24.4972
2003-08-21,24.5373,24.4795
2003-08-22,24.5588,24.5038
2003-08-23,24.6236,24.5374
2003-08-24,24.7974,24.5933
2003-08-25,24.8644,24.6681
2003-08-26,24.8229,24.6696
2003-08-27,24.7652,24.6505
2003-08-28,24.5654,24.5291
2003-08-29,24.3699,24.3593
2003-08-30,24.4358,24.3065
2003-08-31,24.4326,24.3592
2003-09-01,24.5065,24.4299
2003-09-02,24.6381,24.5471
2003-09-03,24.4281,24.3834
2003-09-04,24.1797,24.151
2003-09-05,24.1443,24.1142
2003-09-06,24.1247,24.0431
2003-09-07,24.1357,24.0309
2003-09-08,24.147,24.0294
2003-09-09,24.218,24.0477
2003-09-10,24.3726,24.1365
2003-09-11,24.4199,24.2705
2003-09-12,24.5412,24.3906
2003-09-13,24.7914,24.5343
2003-09-14,24.6798,24.6368
2003-09-15,24.7782,24.7223
2003-09-16,24.8021,24.7102
2003-09-17,24.7926,24.709
2003-09-18,24.8481,24.7393
2003-09-19,25.2509,24.9336
2003-09-20,25.2228,24.9771
2003-09-21,25.0658,24.9263
2003-09-22,24.9776,24.8841
2003-09-23,25.0183,24.8638
2003-09-24,25.1346,24.9341
2003-09-25,25.2103,25.0347
2003-09-26,25.2181,25.1029
2003-09-27,25.2852,25.1448
2003-09-28,25.2719,25.1745
2003-09-29,25.3215,25.1949
2003-09-30,25.4167,25.3273
2003-10-01,25.4902,25.4387
2003-10-02,25.549,25.5029
2003-10-03,25.6552,25.5739
2003-10-04,25.8176,25.6752
2003-10-05,25.873,25.7104
2003-10-06,25.9022,25.7193
2003-10-07,26.0057,25.7939
2003-10-08,25.9679,25.8931
2003-10-09,25.9258,25.8463
2003-10-10,25.9804,25.8585
2003-10-11,26.0397,25.9507
2003-10-12,26.0636,25.9741
2003-10-13,26.0416,26.0136
2003-10-14,26.0065,25.9226
2003-10-15,26.0604,25.8323
2003-10-16,25.9894,25.8108
2003-10-17,25.9281,25.7651
2003-10-18,25.9445,25.7983
2003-10-19,26.0639,25.8241
2003-10-20,26.1982,26.007
2003-10-21,26.1213,26.0672
2003-10-22,26.2407,26.0916
2003-10-23,26.2943,26.1372
2003-10-24,26.3055,26.1583
2003-10-25,26.4147,26.3032
2003-10-26,26.4043,26.3455
2003-10-27,26.2535,26.2567
2003-10-28,26.2278,26.2215
2003-10-29,26.1572,26.1711
2003-10-30,26.0827,26.0488
2003-10-31,26.3973,26.2109
2003-11-01,26.6833,26.508
2003-11-02,26.9757,26.6609
2003-11-03,27.071,26.5565
2003-11-04,26.6365,26.4873
2003-11-05,26.24,26.1735
2003-11-06,26.0823,26.0484
2003-11-07,26.0537,26.0078
2003-11-08,26.117,26.0573
2003-11-09,26.1798,26.1004
2003-11-10,26.2505,26.1638
2003-11-11,26.3115,26.2058
2003-11-12,26.3704,26.2407
2003-11-13,26.4296,26.3114
2003-11-14,26.391,26.32
2003-11-15,26.3504,26.2442
2003-11-16,26.4047,26.2238
2003-11-17,26.4909,26.2978
2003-11-18,26.5796,26.4244
2003-11-19,26.6229,26.4627
2003-11-20,26.7178,26.5154
2003-11-21,26.7535,26.6128
2003-11-22,26.8926,26.6827
2003-11-23,26.8059,26.7671
2003-11-24,26.9238,26.8855
2003-11-25,26.9324,26.8202
2003-11-26,26.8403,26.7764
2003-11-27,26.8098,26.7503
2003-11-28,26.8598,26.7022
2003-11-29,26.8037,26.7375
2003-11-30,26.7673,26.6546
2003-12-01,26.8008,26.7003
2003-12-02,26.9351,26.7781
2003-12-03,27.0543,26.9577
2003-12-04,27.1557,27.074
2003-12-05,27.4718,27.3108
2003-12-06,27.628,27.5671
2003-12-07,27.8621,27.8068
2003-12-08,28.1858,28.1304
2003-12-09,28.406,28.1956
2003-12-10,28.5621,28.384
2003-12-11,28.6733,28.4215
2003-12-12,28.6768,28.3265
2003-12-13,28.8649,28.3734
2003-12-14,28.9485,28.1143
2003-12-15,28.9855,28.3199
2003-12-16,28.7198,28.4414
2003-12-17,28.5289,28.5173
2003-12-18,28.2989,28.3042
2003-12-19,28.2123,28.1667
2003-12-20,28.1565,28.0787
2003-12-21,28.19,28.1178
2003-12-22,28.3458,28.2898
2003-12-23,28.5106,28.4207
2003-12-24,28.6678,28.5998
2003-12-25,28.9324,28.8128
2003-12-26,29.0043,28.9366
2003-12-27,29.2065,29.1638
2003-12-28,29.538,29.2903
2003-12-29,29.401,29.0387
2003-12-30,29.1397,29.1059
2003-12-31,28.9961,28.9152
2004-01-01,28.8443,28.7564
2004-01-02,28.8334,28.7498
2004-01-03,28.8579,28.7705
2004-01-04,28.9684,28.9073
2004-01-05,29.3442,29.0923
2004-01-06,29.3606,29.2383
2004-01-07,29.3911,29.386
2004-01-08,29.4781,29.4731
2004-01-09,29.6925,29.6304
2004-01-10,29.8381,29.6334
2004-01-11,30.0913,29.7979
2004-01-12,30.0629,29.8852
2004-01-13,29.8322,29.8398
2004-01-14,29.7019,29.6854
2004-01-15,29.5278,29.5556
2004-01-16,29.1257,29.1468
2004-01-17,28.89,28.8104
2004-01-18,29.1011,28.652
2004-01-19,28.7201,28.4153
2004-01-20,28.1834,28.0845
2004-01-21,28.1057,28.0229
2004-01-22,28.301,28.2765
2004-01-23,28.3922,28.4477
2004-01-24,28.5859,28.4504
2004-01-25,28.6398,28.6141
2004-01-26,28.7416,28.6447
2004-01-27,29.1612,29.0336
2004-01-28,29.3928,29.143
2004-01-29,29.5867,29.1028
2004-01-30,29.5723,29.2923
2004-01-31,29.6796,29.5576
2004-02-01,29.8778,29.6557
2004-02-02,29.86,29.7632
2004-02-03,29.8986,29.8367
2004-02-04,29.7745,29.5698
2004-02-05,29.073,29.0438
2004-02-06,28.7335,28.7123
2004-02-07,28.5012,28.4156
2004-02-08,28.4095,28.3503
2004-02-09,28.6304,28.4868
2004-02-10,28.749,28.7259
2004-02-11,28.6386,28.672
2004-02-12,28.7244,28.7759
2004-02-13,28.8881,28.7834
2004-02-14,28.8739,28.8512
2004-02-15,28.7845,28.7955
2004-02-16,28.8505,28.7968
2004-02-17,28.8849,28.8643
2004-02-18,28.9134,28.8839
2004-02-19,28.9727,28.9643
2004-02-20,28.9977,28.9664
2004-02-21,29.1928,29.1168
2004-02-22,29.5454,29.2903
2004-02-23,29.8288,29.3395
2004-02-24,30.0333,29.2816
2004-02-25,30.102,29.426
2004-02-26,30.1609,29.7948
2004-02-27,30.1629,29.8042
2004-02-28,30.2319,29.6554
2004-02-29,29.8728,29.6159
2004-03-01,29.6059,29.5413
2004-03-02,29.1566,29.1516
2004-03-03,28.8837,28.8983
2004-03-04,28.6772,28.6536
2004-03-05,28.7865,28.6501
2004-03-06,28.8161,28.7811
2004-03-07,29.0036,28.9168
2004-03-08,29.3939,29.0992
2004-03-09,29.4684,29.1586
2004-03-10,29.3509,29.2184
2004-03-11,29.2925,29.1667
2004-03-12,29.1226,29.1215
2004-03-13,28.9839,28.9782
2004-03-14,29.0195,28.9554
2004-03-15,28.888,28.8847
2004-03-16,28.8615,28.8925
2004-03-17,28.7494,28.767
2004-03-18,28.5786,28.604
2004-03-19,28.4029,28.4118
2004-03-20,28.3407,28.3612
2004-03-21,28.3201,28.2933
2004-03-22,28.6479,28.388
2004-03-23,28.776,28.4481
2004-03-24,28.8559,28.5302
2004-03-25,28.1862,28.5529
2004-03-26,28.2315,28.5724
2004-03-27,28.2892,28.454
2004-03-28,28.2916,28.4907
2004-03-29,28.2143,28.2207
2004-03-30,28.1498,28.1147
2004-03-31,28.126,28.0776
2004-04-01,28.1448,28.1038
2004-04-02,28.1035,28.0924
2004-04-03,28.107,28.0909
2004-04-04,27.9878,27.9884
2004-04-05,27.8391,27.8322
2004-04-06,27.7467,27.7493
2004-04-07,27.5988,27.6047
2004-04-08,27.4566,27.4581
2004-04-09,27.2921,27.2869
2004-04-10,27.103,27.0969
2004-04-11,27.0199,26.997
2004-04-12,26.911,26.8871
2004-04-13,26.859,26.8261
2004-04-14,26.7689,26.7626
2004-04-15,26.7091,26.6842
2004-04-16,26.5997,26.5741
2004-04-17,26.4894,26.4873
2004-04-18,26.489,26.4196
2004-04-19,26.672,26.558
2004-04-20,26.7207,26.6547
2004-04-21,26.7064,26.6374
2004-04-22,26.7041,26.5805
2004-04-23,26.6441,26.5875
2004-04-24,26.5943,26.5878
2004-04-25,26.5858,26.5629
2004-04-26,26.5023,26.5241
2004-04-27,26.5085,26.4822
2004-04-28,26.5523,26.5155
2004-04-29,26.6045,26.5246
2004-04-30,26.4984,26.5043
2004-05-01,26.3648,26.3572
2004-05-02,26.3425,26.3438
2004-05-03,26.2527,26.2649
2004-05-04,26.3508,26.2958
2004-05-05,26.412,26.313
2004-05-06,26.3083,26.2812
2004-05-07,26.3218,26.2353
2004-05-08,26.2691,26.2494
2004-05-09,26.2851,26.2223
2004-05-10,26.2685,26.2185
2004-05-11,26.2392,26.1693
2004-05-12,26.2217,26.1457
2004-05-13,26.1795,26.1027
2004-05-14,26.1318,26.0384
2004-05-15,26.0538,26.0179
2004-05-16,26.0296,25.9811
2004-05-17,26.0902,25.9698
2004-05-18,25.9055,25.8936
2004-05-19,25.946,25.8061
2004-05-20,25.8137,25.7815
2004-05-21,25.7914,25.7385
2004-05-22,25.7192,25.7005
2004-05-23,25.7622,25.6623
2004-05-24,25.8044,25.7241
2004-05-25,25.8743,25.7311
2004-05-26,25.8946,25.8408
2004-05-27,26.0484,25.9847
2004-05-28,26.0631,26.0624
2004-05-29,25.7337,25.7322
2004-05-30,25.4195,25.4007
2004-05-31,25.341,25.3195
2004-06-01,25.3418,25.2323
2004-06-02,25.2687,25.2313
2004-06-03,25.3336,25.2109
2004-06-04,25.3023,25.2454
2004-06-05,25.2891,25.2203
2004-06-06,25.3105,25.2984
2004-06-07,25.3289,25.3156
2004-06-08,25.2372,25.214
2004-06-09,25.1326,25.121
2004-06-10,25.0053,24.9892
2004-06-11,24.8769,24.865
2004-06-12,24.7052,24.6782
2004-06-13,24.6009,24.5468
2004-06-14,24.5042,24.4905
2004-06-15,24.3457,24.3476
2004-06-16,24.337,24.2651
2004-06-17,24.1353,24.1185
2004-06-18,23.9475,23.8938
2004-06-19,24.4636,24.3096
2004-06-20,24.1778,24.1943
2004-06-21,23.6953,23.6776
2004-06-22,23.4652,23.4216
2004-06-23,23.6415,23.5694
2004-06-24,23.8573,23.8226
2004-06-25,23.9159,23.7664
2004-06-26,23.7656,23.7383
2004-06-27,23.6407,23.6187
2004-06-28,23.4756,23.4428
2004-06-29,23.5264,23.4974
2004-06-30,23.5193,23.4639
2004-07-01,23.638,23.5756
2004-07-02,23.9046,23.7495
2004-07-03,23.9924,23.8649
2004-07-04,24.0709,23.943
2004-07-05,24.1454,24.0724
2004-07-06,24.1997,24.1384
2004-07-07,24.3937,24.344
2004-07-08,24.2434,24.2533
2004-07-09,23.9717,23.9399
2004-07-10,23.7625,23.7331
2004-07-11,23.7403,23.6988
2004-07-12,23.7543,23.6863
2004-07-13,23.7891,23.6812
2004-07-14,23.7004,23.6335
2004-07-15,23.7222,23.5788
2004-07-16,23.613,23.5455
2004-07-17,23.5308,23.4783
2004-07-18,23.4058,23.3755
2004-07-19,23.259,23.2224
2004-07-20,23.0833,23.0203
2004-07-21,22.9689,22.9234
2004-07-22,22.8955,22.867
2004-07-23,23.0603,22.9796
2004-07-24,23.1126,22.9987
2004-07-25,23.1778,23.0394
2004-07-26,23.2941,23.1652
2004-07-27,23.5378,23.4689
2004-07-28,23.9757,23.7594
2004-07-29,23.9925,23.7184
2004-07-30,24.0795,23.7355
2004-07-31,23.8456,23.7046
2004-08-01,23.8835,23.6574
2004-08-02,23.9471,23.7776
2004-08-03,24.1337,24.0208
2004-08-04,24.1899,24.1404
2004-08-05,24.0939,24.007
2004-08-06,23.8515,23.7893
2004-08-07,23.8184,23.7666
2004-08-08,23.9545,23.8918
2004-08-09,24.1297,24.1119
2004-08-10,24.1091,23.9794
2004-08-11,24.1255,23.9981
2004-08-12,23.8012,23.7676
2004-08-13,23.8476,23.6585
2004-08-14,23.9928,23.7117
2004-08-15,23.9218,23.8194
2004-08-16,24.2941,24.1091
2004-08-17,24.3897,24.2686
2004-08-18,24.3995,24.3198
2004-08-19,24.3105,24.2729
2004-08-20,24.2684,24.1673
2004-08-21,24.3874,24.3095
2004-08-22,24.4354,24.337
2004-08-23,24.4741,24.3924
2004-08-24,24.3289,24.2725
2004-08-25,24.1474,24.0619
2004-08-26,24.2866,24.1499
2004-08-27,24.2724,24.1617
2004-08-28,24.3504,24.1139
2004-08-29,24.4612,24.1345
2004-08-30,24.4979,24.2229
2004-08-31,24.6544,24.4038
2004-09-01,24.5771,24.5034
2004-09-02,24.3937,24.3771
2004-09-03,24.1286,24.1342
2004-09-04,24.1841,24.0818
2004-09-05,24.3297,24.2616
2004-09-06,24.4305,24.358
2004-09-07,24.4726,24.3756
2004-09-08,24.6326,24.5013
2004-09-09,24.8364,24.6038
2004-09-10,24.6173,24.6036
2004-09-11,24.7435,24.5826
2004-09-12,24.6338,24.55
2004-09-13,24.505,24.4674
2004-09-14,24.3933,24.364
2004-09-15,24.208,24.1682
2004-09-16,24.147,24.117
2004-09-17,24.0751,23.9871
2004-09-18,24.0307,23.918
2004-09-19,24.0853,24.0118
2004-09-20,24.1856,24.0752
2004-09-21,24.1693,24.036
2004-09-22,24.1165,24.0337
2004-09-23,24.2223,24.1033
2004-09-24,24.4717,24.2659
2004-09-25,24.7224,24.3952
2004-09-26,24.7797,24.4941
2004-09-27,24.6982,24.5226
2004-09-28,24.6829,24.4956
2004-09-29,24.6201,24.4874
2004-09-30,24.5518,24.478
2004-10-01,24.6575,24.5237
2004-10-02,24.7801,24.702
2004-10-03,24.8121,24.7165
2004-10-04,24.9265,24.7333
2004-10-05,24.9078,24.7951
2004-10-06,24.8383,24.7789
2004-10-07,24.9324,24.8582
2004-10-08,25.154,25.0416
2004-10-09,25.1985,25.1295
2004-10-10,25.2833,25.1375
2004-10-11,25.4164,25.1847
2004-10-12,25.2283,25.1831
2004-10-13,25.1576,25.1135
2004-10-14,25.0693,25.0669
2004-10-15,25.042,25.04
2004-10-16,25.233,25.1327
2004-10-17,25.3156,25.1961
2004-10-18,25.4874,25.2808
2004-10-19,25.6073,25.5235
2004-10-20,25.5912,25.5353
2004-10-21,25.7524,25.6005
2004-10-22,25.957,25.7513
2004-10-23,26.1037,25.7967
2004-10-24,26.1025,25.8111
2004-10-25,26.1478,25.876
2004-10-26,26.0932,25.8662
2004-10-27,26.1143,25.8303
2009-12-01,27.7528,27.6461
2009-12-02,28.154,28.0348
2009-12-03,27.6869,27.5798
2009-12-04,27.5417,27.4338
2009-12-05,27.4146,27.4316
2009-12-06,27.361,27.3333
2009-12-07,27.39,27.4219
2009-12-08,27.4714,27.4988
2009-12-09,27.4755,27.493
2009-12-10,27.5452,27.5587
2009-12-11,27.7644,27.7156
2009-12-12,27.8247,27.8176
2009-12-13,27.7967,27.7745
2009-12-14,27.7707,27.7222
2009-12-15,27.8073,27.7459
2009-12-16,27.7062,27.7275
2009-12-17,27.6679,27.62
2009-12-18,27.7036,27.6365
2009-12-19,27.8472,27.7322
2009-12-20,27.9116,27.8611
2009-12-21,27.9967,27.8427
2009-12-22,28.3591,28.0833
2009-12-23,28.4936,28.206
2009-12-24,28.551,28.3754
2009-12-25,28.5678,28.3665
2009-12-26,28.629,28.5678
2009-12-27,28.5842,28.6041
2009-12-28,28.7823,28.6771
2009-12-29,28.7408,28.6814
2009-12-30,28.6233,28.5871
2009-12-31,28.2985,28.3464
2010-01-01,28.1946,28.2505
2010-01-02,28.3361,28.2587
2010-01-03,28.5188,28.4741
2010-01-04,28.5081,28.4636
2010-01-05,28.5687,28.5406
2010-01-06,28.6504,28.5866
2010-01-07,28.6669,28.6591
2010-01-08,28.7256,28.6766
2010-01-09,28.7766,28.725
2010-01-10,28.6351,28.6291
2010-01-11,28.6436,28.616
2010-01-12,28.6816,28.6786
2010-01-13,28.7475,28.7625
2010-01-14,28.7109,28.7796
2010-01-15,28.7604,28.7915
2010-01-16,28.8563,28.8856
2010-01-17,28.9207,28.9426
2010-01-18,29.0936,29.0965
2010-01-19,28.9741,29.0264
2010-01-20,28.7078,28.7871
2010-01-21,28.5494,28.6027
2010-01-22,28.3309,28.3668
2010-01-23,28.2742,28.3522
2010-01-24,28.1626,28.2058
2010-01-25,28.1166,28.1654
2010-01-26,28.2538,28.2967
2010-01-27,28.4209,28.4321
2010-01-28,28.5497,28.4509
2010-01-29,28.4899,28.5147
2010-01-30,28.3613,28.428
2010-01-31,28.3341,28.3887
2010-02-01,28.3494,28.4159
2010-02-02,28.4427,28.4966
2010-02-03,28.5604,28.5287
2010-02-04,28.9417,28.737
2010-02-05,29.181,28.8629
2010-02-06,29.1884,28.8704
2010-02-07,29.4137,28.9664
2010-02-08,29.3226,29.0895
2010-02-09,29.4016,29.2022
2010-02-10,29.4019,29.1813
2010-02-11,29.3483,29.219
2010-02-12,29.2117,29.1173
2010-02-13,29.1857,29.1068
2010-02-14,29.3404,29.1571
2010-02-15,29.5432,29.407
2010-02-16,29.7591,29.4778
2010-02-17,29.9724,29.4522
2010-02-18,29.7813,29.6447
2010-02-19,29.6621,29.6615
2010-02-20,29.25,29.2557
2010-02-21,29.2203,29.1436
2010-02-22,29.0292,29.0773
2010-02-23,29.1108,29.0586
2010-02-24,29.2445,29.115
2010-02-25,29.1905,29.1006
2010-02-26,28.9427,28.9874
2010-02-27,28.9662,28.9714
2010-02-28,29.037,29.0112
2010-03-01,29.2787,29.2559
2010-03-02,29.4226,29.3986
2010-03-03,29.5402,29.4772
2010-03-04,29.7152,29.6403
2010-03-05,29.8724,29.539
2010-03-06,29.9446,29.706
2010-03-07,30.2662,29.7707
2010-03-08,30.2527,29.7558
2010-03-09,30.1246,29.5982
2010-03-10,29.4785,29.181
2010-03-11,29.2214,29.2251
2010-03-12,29.0031,29.0072
2010-03-13,28.7524,28.7884
2010-03-14,28.5721,28.6207
2010-03-15,28.4551,28.4869
2010-03-16,28.3062,28.3491
2010-03-17,28.1656,28.1957
2010-03-18,28.0089,28.0259
2010-03-19,27.7951,27.8125
2010-03-20,27.6431,27.6141
2010-03-21,27.8508,27.833
2010-03-22,27.8533,27.9365
2010-03-23,27.7273,27.8196
2010-03-24,27.7325,27.7672
2010-03-25,27.5989,27.6439
2010-03-26,27.4986,27.5741
2010-03-27,27.4917,27.5434
2010-03-28,27.4106,27.4633
2010-03-29,27.5069,27.5114
2010-03-30,27.586,27.5364
2010-03-31,27.4243,27.4737
2010-04-01,27.3186,27.3953
2010-04-02,27.2271,27.277
2010-04-03,27.1949,27.2499
2010-04-04,27.072,27.1971
2010-04-05,27.1644,27.205
2010-04-06,27.0542,27.1913
2010-04-07,27.1652,27.1318
2010-04-08,27.157,27.1596
2010-04-09,27.2216,27.1542
2010-04-10,27.3206,27.2708
2010-04-11,27.4995,27.4078
2010-04-12,27.6639,27.5466
2010-04-13,27.6746,27.651
2010-04-14,27.4792,27.5535
2010-04-15,27.4865,27.5193
2010-04-16,27.443,27.4475
2010-04-17,27.3969,27.3824
2010-04-18,27.3575,27.3597
2010-04-19,27.0835,27.2445
2010-04-20,27.061,27.0572
2010-04-21,26.9409,26.9809
2010-04-22,26.8795,26.8899
2010-04-23,26.8169,26.8567
2010-04-24,26.9669,26.9447
2010-04-25,26.9157,26.9556
2010-04-26,27.0789,27.0189
2010-04-27,26.9473,26.9546
2010-04-28,26.8749,26.8829
2010-04-29,26.7817,26.7883
2010-04-30,26.7891,26.7611
2010-05-01,26.7235,26.756
2010-05-02,26.6269,26.6445
2010-05-03,26.688,26.6522
2010-05-04,26.7512,26.7099
2010-05-05,26.6836,26.6692
2010-05-06,26.5932,26.586
2010-05-07,26.3974,26.4288
2010-05-08,26.2311,26.2581
2010-05-09,26.2398,26.2512
2010-05-10,26.2665,26.2423
2010-05-11,26.2794,26.2485
2010-05-12,26.2265,26.2464
2010-05-13,26.1178,26.1453
2010-05-14,26.108,26.0514
2010-05-15,26.1396,26.098
2010-05-16,26.1035,26.0576
2010-05-17,26.4181,26.388
2010-05-18,26.4136,26.4432
2010-05-19,26.0597,26.0911
2010-05-20,25.8461,25.8591
2010-05-21,25.9379,25.8978
2010-05-22,25.9861,25.9923
2010-05-23,26.0898,26.0523
2010-05-24,26.2967,26.2295
2010-05-25,26.6112,26.4762
2010-05-26,26.7201,26.6492
2010-05-27,26.4806,26.4965
2010-05-28,26.4651,26.3875
2010-05-29,26.8213,26.7125
2010-05-30,26.7108,26.7396
2010-05-31,26.4724,26.491
2010-06-01,26.2878,26.2727
2010-06-02,26.4569,26.4264
2010-06-03,26.5995,26.5601
2010-06-04,26.5898,26.6311
2010-06-05,26.3009,26.3111
2010-06-06,26.065,26.0387
2010-06-07,25.9306,25.8993
2010-06-08,25.8808,25.831
2010-06-09,25.7886,25.743
2010-06-10,25.6958,25.6881
2010-06-11,25.5983,25.577
2010-06-12,25.4691,25.4676
2010-06-13,25.3497,25.3634
2010-06-14,25.2595,25.2715
2010-06-15,25.0641,25.0947
2010-06-16,24.9876,25.0117
2010-06-17,24.9234,24.9144
2010-06-18,24.9457,24.8723
2010-06-19,24.9434,24.9036
2010-06-20,24.7378,24.7562
2010-06-21,24.6242,24.641
2010-06-22,24.7371,24.7674
2010-06-23,24.6897,24.7269
2010-06-24,24.6126,24.5867
2010-06-25,24.5395,24.533
2010-06-26,24.579,24.5668
2010-06-27,24.5317,24.5238
2010-06-28,24.5813,24.5436
2010-06-29,24.5693,24.5826
2010-06-30,24.6478,24.6186
2010-07-01,24.5756,24.6038
2010-07-02,24.7764,24.7228
2010-07-03,24.74,24.7694
2010-07-04,24.7064,24.7192
2010-07-05,24.648,24.6566
2010-07-06,24.5712,24.5709
2010-07-07,24.7739,24.6831
2010-07-08,25.3755,25.3041
2010-07-09,25.0232,25.0463
2010-07-10,24.7521,24.7847
2010-07-11,24.4812,24.4993
2010-07-12,24.4866,24.4708
2010-07-13,24.65,24.5685
2010-07-14,24.6643,24.6428
2010-07-15,24.6915,24.675
2010-07-16,24.5095,24.5449
2010-07-17,24.5838,24.6001
2010-07-18,24.6855,24.6378
2010-07-19,24.6988,24.6979
2010-07-20,24.8255,24.8034
2010-07-21,24.7107,24.7458
2010-07-22,24.5014,24.5449
2010-07-23,24.2918,24.3255
2010-07-24,24.2378,24.295
2010-07-25,24.2065,24.2462
2010-07-26,24.1989,24.2481
2010-07-27,24.374,24.2875
2010-07-28,24.556,24.5085
2010-07-29,24.6721,24.578
2010-07-30,24.9914,24.8831
2010-07-31,25.1305,25.0481
2010-08-01,25.0756,25.0689
2010-08-02,25.0011,25.063
2010-08-03,24.8241,24.8466
2010-08-04,24.7435,24.762
2010-08-05,24.5342,24.5433
2010-08-06,24.6075,24.6165
2010-08-07,24.5337,24.5629
2010-08-08,24.4949,24.4899
2010-08-09,24.5943,24.5422
2010-08-10,24.7541,24.6926
2010-08-11,24.692,24.7513
2010-08-12,24.3659,24.3989
2010-08-13,24.1027,24.1192
2010-08-14,24.312,24.1437
2010-08-15,24.7997,24.718
2010-08-16,24.99,24.9853
2010-08-17,24.8713,24.8797
2010-08-18,24.9997,25.0091
2010-08-19,25.2431,25.1178
2010-08-20,25.4621,25.3036
2010-08-21,25.5248,25.4204
2010-08-22,25.5046,25.4365
2010-08-23,25.6098,25.4597
2010-08-24,25.6103,25.4629
2010-08-25,25.5922,25.511
2010-08-26,25.4751,25.4087
2010-08-27,25.1716,25.2023
2010-08-28,25.0325,25.047
2010-08-29,25.006,25.034
2010-08-30,24.9572,25.0224
2010-08-31,25.0959,25.0916
2010-09-01,25.0539,25.0414
2010-09-02,25.1556,25.0752
2010-09-03,25.5294,25.4646
2010-09-04,25.6076,25.5272
2010-09-05,25.8537,25.7356
2010-09-06,25.7559,25.7749
2010-09-07,25.8936,25.6662
2010-09-08,25.8047,25.6508
2010-09-09,25.8869,25.7459
2010-09-10,25.9846,25.9238
2010-09-11,26.0801,26.0622
2010-09-12,25.9837,25.9457
2010-09-13,26.2047,25.9894
2010-09-14,26.2433,26.1879
2010-09-15,26.2887,26.2339
2010-09-16,26.3317,26.2703
2010-09-17,26.3875,26.2994
2010-09-18,26.3766,26.3207
2010-09-19,26.3131,26.3275
2010-09-20,26.363,26.35
2010-09-21,26.47,26.3825
2010-09-22,26.5536,26.495
2010-09-23,26.5069,26.5218
2010-09-24,26.507,26.4847
2010-09-25,26.5277,26.484
2010-09-26,26.5268,26.4901
2010-09-27,26.7058,26.54
2010-09-28,26.7851,26.6746
2010-09-29,26.8196,26.7098
2010-09-30,26.7603,26.7792
2010-10-01,26.5755,26.6237
2010-10-02,26.4096,26.4591
2010-10-03,26.4204,26.4379
2010-10-04,26.5085,26.4716
2010-10-05,26.6175,26.5255
2010-10-06,26.5982,26.6064
2010-10-07,26.7036,26.6707
2010-10-08,26.7132,26.7357
2010-10-09,26.7917,26.7536
2010-10-10,26.7049,26.7627
2010-10-11,26.6577,26.7111
2010-10-12,26.6769,26.6832
2010-10-13,26.6794,26.6957
2010-10-14,26.8223,26.804
2010-10-15,26.942,26.9401
2010-10-16,26.867,26.9334
2010-10-17,26.5062,26.5319
2010-10-18,26.345,26.3846
2010-10-19,26.3096,26.3086
2010-10-20,26.3559,26.3445
2010-10-21,26.1992,26.2622
2010-10-22,26.163,26.1307
2010-10-23,26.1826,26.221
2010-10-24,26.2531,26.267
2010-10-25,26.3317,26.2879
2010-10-26,26.4112,26.3033
2010-10-27,26.4302,26.3631
2010-10-28,26.4575,26.3904
2010-10-29,26.5308,26.4448
2010-10-30,26.5524,26.42
2010-10-31,26.6651,26.5769
2010-11-01,26.8105,26.6498
2010-11-02,26.8528,26.7599
2010-11-03,26.8117,26.8237
2010-11-04,26.6779,26.7262
2010-11-05,26.6614,26.7024
2010-11-06,26.6673,26.6919
2010-11-07,26.5587,26.6032
2010-11-08,26.5909,26.6136
2010-11-09,26.6159,26.6632
2010-11-10,26.8152,26.7057
2010-11-11,27.2272,26.8527
2010-11-12,27.6271,27.0466
2010-11-13,27.4519,27.0872
2010-11-14,27.322,27.117
2010-11-15,27.2362,27.1299
2010-11-16,27.1594,27.1137
2010-11-17,27.281,27.1028
2010-11-18,27.374,27.302
2010-11-19,27.3713,27.4529
2010-11-20,27.2919,27.304
2010-11-21,27.1617,27.2449
2010-11-22,27.2068,27.2468
2010-11-23,27.2198,27.2832
2010-11-24,27.1116,27.1639
2010-11-25,27.0629,27.1043
2010-11-26,26.9993,27.0248
2010-11-27,27.0766,26.9977
2010-11-28,27.1784,27.0917
2010-11-29,27.2877,27.2682
2010-11-30,27.4498,27.4162
2010-12-01,27.7867,27.5429
2010-12-02,27.8005,27.5509
2010-12-03,27.9942,27.8773
2010-12-04,28.113,27.9808
2010-12-05,28.435,28.2151
2010-12-06,28.3469,28.3333
2010-12-07,28.3575,28.3069
2010-12-08,28.4858,28.4093
2010-12-09,28.7596,28.441
2010-12-10,28.9481,28.7278
2010-12-11,29.198,29.0541
2010-12-12,28.9776,29.0235
2010-12-13,29.2862,29.0487
2010-12-14,29.3883,29.0798
2010-12-15,29.3262,29.1256
2010-12-16,29.4643,29.146
2010-12-17,29.9788,29.429
2010-12-18,30.0209,29.511
2010-12-19,29.8423,29.6539
2010-12-20,29.708,29.6989
2010-12-21,29.3324,29.3411
2010-12-22,28.8942,28.9476
2010-12-23,28.6122,28.9227
2010-12-24,28.2855,28.5067
2010-12-25,28.2397,28.3067
2010-12-26,28.3008,28.3798
2010-12-27,28.2383,28.2949
2010-12-28,28.5933,28.4125
2010-12-29,28.786,28.5735
2010-12-30,28.8612,28.6328
2010-12-31,28.9496,28.7894
2011-01-01,28.7493,28.7048
2011-01-02,28.4754,28.5789
2011-01-03,28.5751,28.549
2011-01-04,28.8028,28.6158
2011-01-05,29.0051,28.6511
2011-01-06,29.3074,28.9522
2011-01-07,29.551,28.9319
2011-01-08,29.7335,29.0997
2011-01-09,29.9466,29.4016
2011-01-10,29.7122,29.4174
2011-01-11,29.7929,29.3777
2011-01-12,29.8388,29.6117
2011-01-13,29.6963,29.4098
2011-01-14,29.6875,29.286
2011-01-15,29.5399,29.4754
2011-01-16,29.3832,29.3709
2011-01-17,29.3468,29.3869
2011-01-18,29.412,29.3817
2011-01-19,29.3778,29.3182
2011-01-20,29.3799,29.334
2011-01-21,29.2754,29.2811
2011-01-22,28.8163,28.8814
2011-01-23,28.4462,28.4168
2011-01-24,28.3726,28.3636
2011-01-25,28.6234,28.5014
2011-01-26,28.8128,28.6626
2011-01-27,28.5553,28.6161
2011-01-28,28.5624,28.5275
2011-01-29,28.4181,28.438
2011-01-30,28.3111,28.3485
2011-01-31,28.534,28.4143
2011-02-01,28.6948,28.6079
2011-02-02,28.4239,28.5054
2011-02-03,28.2304,28.3012
2011-02-04,28.2911,28.3675
2011-02-05,28.535,28.4631
2011-02-06,28.337,28.4302
2011-02-07,28.3013,28.4176
2011-02-08,28.3938,28.3958
2011-02-09,28.2982,28.4223
2011-02-10,28.1736,28.2204
2011-02-11,28.2939,28.435
2011-02-12,28.5926,28.4564
2011-02-13,28.733,28.5422
2011-02-14,28.8244,28.6559
2011-02-15,28.8046,28.7675
2011-02-16,28.8469,28.7657
2011-02-17,28.8568,28.7515
2011-02-18,28.871,28.8079
2011-02-19,28.9059,28.8418
2011-02-20,28.9138,28.7811
2011-02-21,29.097,28.7767
2011-02-22,29.3128,28.9714
2011-02-23,29.4029,29.1545
